text;tag
Terima kasih telah bertanya mengenai demam naik turun melaui fitur Tanya Dokter;pembuka
Kami mengerti kekhawatiran yang Anda rasakan. ;pembuka
Seringkali buang air besar (BAB) berdarah selalu dihubungkan dengan kelainan wasir.;penyakit
Seringkali buang air besar (BAB) berdarah selalu dihubungkan dengan kelainan wasir.;penyebab
Padahal BAB berdarah dapat disebabkan oleh beberapa hal. BAB dengan darah berwarna kehitaman biasanya disebabkan karena adanya perlukaan/perdarahan di saluran cerna bagian atas (ulkus gaster/ perlukaan lambung).;outcome
Padahal BAB berdarah dapat disebabkan oleh beberapa hal. BAB dengan darah berwarna kehitaman biasanya disebabkan karena adanya perlukaan/perdarahan di saluran cerna bagian atas (ulkus gaster/ perlukaan lambung).;penyebab
Sedangkan jika darah berwarna merah segar pada feses kemungkinan kelainan terjadi di saluran cerna bagian bawah (kanker kolon, wasir);outcome
Sedangkan jika darah berwarna merah segar pada feses kemungkinan kelainan terjadi di saluran cerna bagian bawah (kanker kolon, wasir);penyebab
Wasir merupakan pembengkakan dan peradangan akibat pelebaran pembuluh darah vena di daerah anus. ;penyakit
Wasir merupakan pembengkakan dan peradangan akibat pelebaran pembuluh darah vena di daerah anus. ;penyebab
Meskipun bukan termasuk penyakit yang akut, rasa nyeri yang diakibatkan wasir sangatlah menganggu.;penyakit
Meskipun bukan termasuk penyakit yang akut, rasa nyeri yang diakibatkan wasir sangatlah menganggu.;gejala
Gejala wasir meliputi BAB berdarah berwarna merah segar, ada benjolan di anus saat BAB, dan rasa gatal di sekeliling anus. ;penyakit
Gejala wasir meliputi BAB berdarah berwarna merah segar, ada benjolan di anus saat BAB, dan rasa gatal di sekeliling anus. ;gejala
Seorang dengan wasir disarankan untuk memiliki pola makan yang tinggi serat untuk memperlunak konsistensi feses.;penyakit
Seorang dengan wasir disarankan untuk memiliki pola makan yang tinggi serat untuk memperlunak konsistensi feses.;tindakan
Seorang dengan wasir disarankan untuk memiliki pola makan yang tinggi serat untuk memperlunak konsistensi feses.;outcome
Penyebab terjadinya wasir bermacam-macam. Wasir dapat diturunkan secara genetik, atau karena memang lemahnya pembuluh darah vena di rektum atau anus, atau juga dapat disebabkan karena terlalu sering dan kuat mengedan (kesulitan buang air besar atau diare).;penyakit
Penyebab terjadinya wasir bermacam-macam. Wasir dapat diturunkan secara genetik, atau karena memang lemahnya pembuluh darah vena di rektum atau anus, atau juga dapat disebabkan karena terlalu sering dan kuat mengedan (kesulitan buang air besar atau diare).;penyebab
Duduk yang terlalu lama juga dapat menyebabkan terjadinya wasir. ;penyakit
Duduk yang terlalu lama juga dapat menyebabkan terjadinya wasir. ;penyebab
Hipertensi (darah tinggi), obesitas (kegemukan), dan gaya hidup yang malas (tidak aktif) juga merupakan salah satu pencetus terjadinya wasir. ;penyakit
Hipertensi (darah tinggi), obesitas (kegemukan), dan gaya hidup yang malas (tidak aktif) juga merupakan salah satu pencetus terjadinya wasir. ;penyebab
Konsumsi alkohol dan kopi dalam jumlah banyak dan sering juga merupakan salah satu faktor pencetus.;penyebab
Alkohol dapat menyebabkan penyakit hati yang pada akhirnya akan menimbulkan penyumbatan aliran pembuluh darah pada rektum atau anus, sedangkan mengkonsumsi terlalu banyak kopi dapat menyebabkan hipertensi.;penyebab
Alkohol dapat menyebabkan penyakit hati yang pada akhirnya akan menimbulkan penyumbatan aliran pembuluh darah pada rektum atau anus, sedangkan mengkonsumsi terlalu banyak kopi dapat menyebabkan hipertensi.;outcome
Keadaan dehidrasi (kekurangan cairan) dapat juga menjadi faktor penyebab. ;penyebab
Keadaan dehidrasi (kekurangan cairan) dapat juga menjadi faktor penyebab. ;outcome
Keadaan dehidrasi (kekurangan cairan) dapat juga menjadi faktor penyebab. ;penyebab
Dehidrasi dapat menyebabkan tinja yang keras dan kesulitan buang air besar;penyebab
Dehidrasi dapat menyebabkan tinja yang keras dan kesulitan buang air besar;outcome
Kekurangan vitamin E merupakan faktor yang lainnya.;penyebab
Polip merupakan pertumbuhan jaringan dari dinding usus yang menonjol ke dalam lumen usus;penyakit
Polip merupakan pertumbuhan jaringan dari dinding usus yang menonjol ke dalam lumen usus;penyebab
Namun, pasien dengan polip dapat juga mengalami keluhan keluar darah dari anus. ;penyakit
Namun, pasien dengan polip dapat juga mengalami keluhan keluar darah dari anus. ;gejala
Pada kondisi tertentu, pasien dengan polip dapat mengalami perdarahan terus menerus yang dapat mengancam nyawa.;penyakit
Pada kondisi tertentu, pasien dengan polip dapat mengalami perdarahan terus menerus yang dapat mengancam nyawa.;gejala
Pada kondisi tertentu, pasien dengan polip dapat mengalami perdarahan terus menerus yang dapat mengancam nyawa.;outcome
Kanker usus adalah salah satu kanker yang paling umum ditemui. ;penyakit
Faktor risiko dari kanker usus meliputi rendahnya konsumsi sayur dan tingginya konsumsi daging merah. ;penyakit
Faktor risiko dari kanker usus meliputi rendahnya konsumsi sayur dan tingginya konsumsi daging merah. ;prakondisi
Rokok juga meningkatkan risiko terjadinya kanker usus. ;penyakit
Rokok juga meningkatkan risiko terjadinya kanker usus. ;penyebab
Gejala dari kanker usus meliputi BAB berdarah, perubahan konsistensi feses, kesulitan buang air besar, dan penurunan berat badan.;penyakit
Gejala dari kanker usus meliputi BAB berdarah, perubahan konsistensi feses, kesulitan buang air besar, dan penurunan berat badan.;gejala
Sesuai dengan studi yang dilaporkan di Jurnal of Clinical Oncology pada bulan April 2013 menyatakan bahwa perokok memiliki resiko kematian yang tinggi atau rendahnya remisi dari kanker kolon (usus besar) setelah operasi kolon dibandingkan dengan individu yang tidak merokok.;referensi
Sesuai dengan studi yang dilaporkan di Jurnal of Clinical Oncology pada bulan April 2013 menyatakan bahwa perokok memiliki resiko kematian yang tinggi atau rendahnya remisi dari kanker kolon (usus besar) setelah operasi kolon dibandingkan dengan individu yang tidak merokok.;prakondisi
Sesuai dengan studi yang dilaporkan di Jurnal of Clinical Oncology pada bulan April 2013 menyatakan bahwa perokok memiliki resiko kematian yang tinggi atau rendahnya remisi dari kanker kolon (usus besar) setelah operasi kolon dibandingkan dengan individu yang tidak merokok.;outcome
Amanda Phipps dan kolega menemukan bahwa perokok dengan kanker kolon memiliki angka kematian lebih tinggi dibandingkan dengan yang bukan perokok. ;referensi
Amanda Phipps dan kolega menemukan bahwa perokok dengan kanker kolon memiliki angka kematian lebih tinggi dibandingkan dengan yang bukan perokok. ;prakondisi
Amanda Phipps dan kolega menemukan bahwa perokok dengan kanker kolon memiliki angka kematian lebih tinggi dibandingkan dengan yang bukan perokok. ;outcome
Pada studi terbaru ini, Phipps dan kolega menganalisa 2000 orang antara tahun 2004 dan 2005 setelah orang tersebut melakukan operasi kolon namun sebelum mereka diterapi lebih lanjut. Dari 2000 orang tersebut, sebanyak 931 orang tidak merokok dan 1.028 orang merokok paling sedikit 100 batang pertahun sepanjang hidup mereka.;referensi
Ulkus lambung adalah perlukaan pada lapisan dalam lambung. ;penyakit
Ulkus lambung adalah perlukaan pada lapisan dalam lambung. ;penyebab
Terdapat beberapa faktor yang dapat menyebabkan ulkus lambung, diantaranya adalah:;penyakit
Terdapat beberapa faktor yang dapat menyebabkan ulkus lambung, diantaranya adalah:;prakondisi
Terdapat beberapa faktor yang dapat menyebabkan ulkus lambung, diantaranya adalah:;penyebab
peningkatan asam lambung karena merokok,stres,faktor genetik, dandapat juga disebabkan oleh bakteri (Helicobacter pylori).;
Seorang dengan ulkus lambung biasanya mengalami keluhan berupa nyeri ulu hati setelah makan, mual dan perdarahan saat buang air besar namun berwarna gelap.;penyakit
Seorang dengan ulkus lambung biasanya mengalami keluhan berupa nyeri ulu hati setelah makan, mual dan perdarahan saat buang air besar namun berwarna gelap.;gejala
Seorang dengan ulkus lambung biasanya mengalami keluhan berupa nyeri ulu hati setelah makan, mual dan perdarahan saat buang air besar namun berwarna gelap.;kapan
Jika Anda mengalami keluhan BAB berdarah, segera berkonsultasi langsung dengan dokter untuk mendapatkan penanganan secepatnya;tindakan
Demikian informasi seputar Penyebab BAB Berdarah yang dapat kami sampaikan, semoga bermanfaat.;penutup
Dok mau tanya dong klo buang air besar bedarah itu knpa ya dong??, cuma saya tidak merasakan kaya pusing, demam, pegal² gitu dok .;pasien
Dok mau tanya dong klo buang air besar bedarah itu knpa ya dong??, cuma saya tidak merasakan kaya pusing, demam, pegal² gitu dok .;gejala
Dok mau tanya dong klo buang air besar bedarah itu knpa ya dong??, cuma saya tidak merasakan kaya pusing, demam, pegal² gitu dok .;pertanyaan
dok saya mau untuk masalah obat dengan keluhan BAB cair 6x dari pagi smpai saat ini, K.U lemas,pusing, muntah, sakit perut, kurang napsu makan. sakit kepala;pasien
dok saya mau untuk masalah obat dengan keluhan BAB cair 6x dari pagi smpai saat ini, K.U lemas,pusing, muntah, sakit perut, kurang napsu makan. sakit kepala;gejala
kemarin sempat makan mangga sama pepaya dok. dan mulai diare nya itu tadi malm dok. smpai saat ini masih Bab;kapan
kemarin sempat makan mangga sama pepaya dok. dan mulai diare nya itu tadi malm dok. smpai saat ini masih Bab;periode
dok saya mau untuk masalah obat dengan keluhan BAB cair 6x dari pagi smpai saat ini, K.U lemas,pusing, muntah, sakit perut, kurang napsu makan. sakit kepala;pertanyaan
Halo Sdri;pembuka
Saya mengerti keluhan yang disampaikan dan kekhawatiran Anda.     ;pembuka
Melihat dari keluhan yang anda sampaikan, kami menduga terjadi gangguan pada sistem pencernaan anda. ;penyebab
Adanya diare disertai mual dan muntah bisa terjadi akibat infeksi pada saluran cerna, bisa infeksi olleh bakteri, virus atau penyebab lain. ;penyakit
Adanya diare disertai mual dan muntah bisa terjadi akibat infeksi pada saluran cerna, bisa infeksi olleh bakteri, virus atau penyebab lain. ;gejala
Adanya diare disertai mual dan muntah bisa terjadi akibat infeksi pada saluran cerna, bisa infeksi olleh bakteri, virus atau penyebab lain. ;penyebab
Adanya diare disertai mual dan muntah bisa terjadi akibat infeksi pada saluran cerna, bisa infeksi olleh bakteri, virus atau penyebab lain. ;objek
Sedangkan lemas yang anda rasakan bisa terjadi akibat komplikasi dari penyakit yang anda derita, akibat dehidrasi atau gangguan elektrolit dalam tubuh.;gejala
Sedangkan lemas yang anda rasakan bisa terjadi akibat komplikasi dari penyakit yang anda derita, akibat dehidrasi atau gangguan elektrolit dalam tubuh.;penyakit
Sedangkan lemas yang anda rasakan bisa terjadi akibat komplikasi dari penyakit yang anda derita, akibat dehidrasi atau gangguan elektrolit dalam tubuh.;penyebab
Dehidrasi atau kurang cairan merupakan salah satu komplikasi tersering dari diare;penyakit
Dehidrasi atau kurang cairan merupakan salah satu komplikasi tersering dari diare;penyebab
Selain badan lemas, dehidrasi juga ditandai dengan: Mulut dan bibir kering Mata cekung Kehausan Buang air kecil lebih jarang Air seni terlihat lebih pekat;gejala
Jika mengalami dehidrasi akibat diare, Anda dianjurkan untuk mengonsumsi oralit guna menggantikan cairan tubuh yang hilang. ;penyakit
Jika mengalami dehidrasi akibat diare, Anda dianjurkan untuk mengonsumsi oralit guna menggantikan cairan tubuh yang hilang. ;tindakan
Jika mengalami dehidrasi akibat diare, Anda dianjurkan untuk mengonsumsi oralit guna menggantikan cairan tubuh yang hilang. ;objek
Larutan oralit dapat dibeli di toko atau apotek. ;tindakan
Larutan oralit dapat dibeli di toko atau apotek. ;objek
Anda juga dapat membuatnya sendiri dengan mencampurkan setengah sendok teh garam dan 8 sendok teh gula pasir. Lalu, tambahkan satu liter air matang dan aduk hingga merata. ;tindakan
Anda juga dapat membuatnya sendiri dengan mencampurkan setengah sendok teh garam dan 8 sendok teh gula pasir. Lalu, tambahkan satu liter air matang dan aduk hingga merata. ;objek
Bila Anda sulit mengonsumsi oralit karena mual, kuah sup ayam juga bisa menjadi alternatif untuk menggantikan cairan yang hilang akibat diare.;prakondisi
Bila Anda sulit mengonsumsi oralit karena mual, kuah sup ayam juga bisa menjadi alternatif untuk menggantikan cairan yang hilang akibat diare.;tindakan
Oleh karena itu, diare bisa menyebabkan gangguan elektrolit, salah satunya hipokalemia atau kadar kalium di bawah normal.;penyakit
Oleh karena itu, diare bisa menyebabkan gangguan elektrolit, salah satunya hipokalemia atau kadar kalium di bawah normal.;penyebab
Jika kadarnya rendah, kontraksi organ-organ tersebut akan terganggu, hingga akhirnya menimbulkan keluhan badan lemas.;outcome
Jika kadarnya rendah, kontraksi organ-organ tersebut akan terganggu, hingga akhirnya menimbulkan keluhan badan lemas.;objek
Untuk mengatasi hipokalemia, Anda dapat mengonsumsi makanan yang mengandung kalium tinggi seperti pisang, kentang, bayam, ikan, dan kacang-kacangan.;penyakit
Untuk mengatasi hipokalemia, Anda dapat mengonsumsi makanan yang mengandung kalium tinggi seperti pisang, kentang, bayam, ikan, dan kacang-kacangan.;tindakan
Untuk mengatasi hipokalemia, Anda dapat mengonsumsi makanan yang mengandung kalium tinggi seperti pisang, kentang, bayam, ikan, dan kacang-kacangan.;objek
Namun demikian, bila badan lemas disertai dengan kesulitan menggerakkan tangan dan kaki, atau disertai dengan perut yang sangat kembung, sebaiknya segera kunjungi rumah sakit terdekat. ;gejala
Namun demikian, bila badan lemas disertai dengan kesulitan menggerakkan tangan dan kaki, atau disertai dengan perut yang sangat kembung, sebaiknya segera kunjungi rumah sakit terdekat. ;tindakan
Gejala-gejala tersebut merupakan gejala hipokalemia berat yang membutuhkan kalium melalui infus.;tindakan
Selain kalium, natrium juga merupakan salah satu jenis elektrolit yang dapat berkurang jumlahnya saat diare. ;penyebab
Selain kalium, natrium juga merupakan salah satu jenis elektrolit yang dapat berkurang jumlahnya saat diare. ;penyakit
Kondisi natrium di bawah nilai normal disebut hiponatremia. ;penyakit
Kondisi natrium di bawah nilai normal disebut hiponatremia. ;penyebab
Hiponatremia menimbulkan gejala berupa badan lemas dan lelah, merasa tidak punya energi untuk beraktivitas, sakit kepala dan terlihat gelisah. ;penyakit
Hiponatremia menimbulkan gejala berupa badan lemas dan lelah, merasa tidak punya energi untuk beraktivitas, sakit kepala dan terlihat gelisah. ;gejala
Bila hiponatremia yang dialami cukup berat, penderita akan mengalami penurunan kesadaran dan kejang. ;penyakit
Bila hiponatremia yang dialami cukup berat, penderita akan mengalami penurunan kesadaran dan kejang. ;outcome
Bila hiponatremia yang dialami cukup berat, penderita akan mengalami penurunan kesadaran dan kejang. ;penyebab
Pengobatan hiponatremia dilakukan dengan memberikan natrium melalui cairan infus di rumah sakit.;penyakit
Pengobatan hiponatremia dilakukan dengan memberikan natrium melalui cairan infus di rumah sakit.;tindakan
Pengobatan hiponatremia dilakukan dengan memberikan natrium melalui cairan infus di rumah sakit.;objek
Minum air putih setidaknya 1,5 liter per hari saat diare;tindakan
Mengonsumsi makanan yang “ramah untuk perut” selama diare, seperti roti tawar, crackers, pisang, apel, dan kentang.;tindakan
Mengonsumsi makanan yang “ramah untuk perut” selama diare, seperti roti tawar, crackers, pisang, apel, dan kentang.;kapan
Mengonsumsi makanan yang “ramah untuk perut” selama diare, seperti roti tawar, crackers, pisang, apel, dan kentang.;objek
Hindari minuman berkafein hingga 2 hari setelah diare hilang.;tindakan
Hindari minuman berkafein hingga 2 hari setelah diare hilang.;kapan
Namun, jika tindakan tersebut masih belum mampu mengatasi badan lemas akibat diare, jangan ragu untuk segera berobat ke dokter;tindakan
Namun, jika tindakan tersebut masih belum mampu mengatasi badan lemas akibat diare, jangan ragu untuk segera berobat ke dokter;prakondisi
Terima kasih sudah berkonsultasi melalui fitur Tanya Dokter. ;penutup
Jangan ragu untuk kembali berkonsultasi jika masih ada keluhan lainnya, ya.  ;penutup
Sdri dapat juga berkonsultasi melalui Aplikasi KlikDokter kapan pun dan di mana pun dengan men-download aplikasi Klikdokter melakui Play Store/ Android: https://www.klikdokter.com/download-App Store : https://app.adjust.com/n01yug7  ;penutup
Semoga sehat selalu/semoga lekas membaik.;penutup
Selamat malam dokter, saya mau bertanya sudah seharian saya demam tinggi, panas nya naik turun, mata perih dan terus berair , terus bersin bersin dan ingusan putih terus mengalir, tenggorokan terasa kering, ,tulang terasa nyeri semua, tapi kaki terasa dingin,menggigil dan pusing berdenyut denyut, jenis gejala penyakit apa dok? Terimakasih;pasien
Selamat malam dokter, saya mau bertanya sudah seharian saya demam tinggi, panas nya naik turun, mata perih dan terus berair , terus bersin bersin dan ingusan putih terus mengalir, tenggorokan terasa kering, ,tulang terasa nyeri semua, tapi kaki terasa dingin,menggigil dan pusing berdenyut denyut, jenis gejala penyakit apa dok? Terimakasih;gejala
Selamat malam dokter, saya mau bertanya sudah seharian saya demam tinggi, panas nya naik turun, mata perih dan terus berair , terus bersin bersin dan ingusan putih terus mengalir, tenggorokan terasa kering, ,tulang terasa nyeri semua, tapi kaki terasa dingin,menggigil dan pusing berdenyut denyut, jenis gejala penyakit apa dok? Terimakasih;periode
Selamat malam dokter, saya mau bertanya sudah seharian saya demam tinggi, panas nya naik turun, mata perih dan terus berair , terus bersin bersin dan ingusan putih terus mengalir, tenggorokan terasa kering, ,tulang terasa nyeri semua, tapi kaki terasa dingin,menggigil dan pusing berdenyut denyut, jenis gejala penyakit apa dok? Terimakasih;pertanyaan
Terima kasih telah bertanya mengenai demam naik turun melaui fitur Tanya Dokter. ;pembuka
Kami mengerti kekhawatiran yang Anda rasakan. ;pembuka
Sebelumnya izinkan kami menjelaskan sekilas mengenai demam. ;penyakit
Demam merupakan mekanisme normal oleh tubuh saat tubuh ingin melawan benda asing seperti bakteri, virus dan lainnya;penyakit
Demam merupakan mekanisme normal oleh tubuh saat tubuh ingin melawan benda asing seperti bakteri, virus dan lainnya;penyebab
Demam yang sudah terjadi selama 3 hari atau lebih memerlukan evaluasi yang lebih ketat karena kemungkinan besar terdapat infeksi yang perlu diatasi;penyakit
Demam yang sudah terjadi selama 3 hari atau lebih memerlukan evaluasi yang lebih ketat karena kemungkinan besar terdapat infeksi yang perlu diatasi;periode
Demam yang sudah terjadi selama 3 hari atau lebih memerlukan evaluasi yang lebih ketat karena kemungkinan besar terdapat infeksi yang perlu diatasi;tindakan
Demam yang sudah terjadi selama 3 hari atau lebih memerlukan evaluasi yang lebih ketat karena kemungkinan besar terdapat infeksi yang perlu diatasi;penyebab
"Selain itu juga Anda perlu mengetahui hal-hal yang terkait seperti ""Apakah demam disertai dengan gejala lain?"" Seperti kejang, gangguan pencernaan(diare atau konstipasi), gangguan pernafasan(batuk, pilek,sesak nafas), gangguan pada telinga(keluar cairan ataupun darah dari telinga), dan sebagainya.";penyakit
"Selain itu juga Anda perlu mengetahui hal-hal yang terkait seperti ""Apakah demam disertai dengan gejala lain?"" Seperti kejang, gangguan pencernaan(diare atau konstipasi), gangguan pernafasan(batuk, pilek,sesak nafas), gangguan pada telinga(keluar cairan ataupun darah dari telinga), dan sebagainya.";gejala
Sulit bagi kami untuk mendiganosa demam yang Anda alami tanpa melakukan pemeriksaan fisik secara langsung mengingat banyaknya penyebab demam, bila disebabkan oleh infkesi pun bisa infeksi virus, bakteri, jamur. ;penyakit
Sulit bagi kami untuk mendiganosa demam yang Anda alami tanpa melakukan pemeriksaan fisik secara langsung mengingat banyaknya penyebab demam, bila disebabkan oleh infkesi pun bisa infeksi virus, bakteri, jamur. ;tindakan
Sulit bagi kami untuk mendiganosa demam yang Anda alami tanpa melakukan pemeriksaan fisik secara langsung mengingat banyaknya penyebab demam, bila disebabkan oleh infkesi pun bisa infeksi virus, bakteri, jamur. ;penyebab
Dan biasanya juga disesuaikan dengan keluhan lain, Namun demam akut (tiba-tiba) dan naik turun bisa disebabkan adanya infeksi pencernaan.;penyakit
Dan biasanya juga disesuaikan dengan keluhan lain, Namun demam akut (tiba-tiba) dan naik turun bisa disebabkan adanya infeksi pencernaan.;outcome
Dan biasanya juga disesuaikan dengan keluhan lain, Namun demam akut (tiba-tiba) dan naik turun bisa disebabkan adanya infeksi pencernaan.;penyebab
Oleh karena itu, kami anjurkan Anda untuk berkonsultasi dengan dokter secara langsung agar dapat dilakukan pemeriksaan fisik, wawancara medis yang lebih mendalam dan pemeriksaan penunjuang yang diperlukan demi tercapainya pengobatan yang optimal.;tindakan
Oleh karena itu, kami anjurkan Anda untuk berkonsultasi dengan dokter secara langsung agar dapat dilakukan pemeriksaan fisik, wawancara medis yang lebih mendalam dan pemeriksaan penunjuang yang diperlukan demi tercapainya pengobatan yang optimal.;outcome
Apabila demam terjadi, Anda dapat mencoba menurunkannya dengan obat penurun panas seperti ibuprofen atau parasetamol, Anda juga dapat mengompres seluruh badan (tidak hanya kepala) dengan air hangat. ;penyakit
Apabila demam terjadi, Anda dapat mencoba menurunkannya dengan obat penurun panas seperti ibuprofen atau parasetamol, Anda juga dapat mengompres seluruh badan (tidak hanya kepala) dengan air hangat. ;tindakan
Apabila demam terjadi, Anda dapat mencoba menurunkannya dengan obat penurun panas seperti ibuprofen atau parasetamol, Anda juga dapat mengompres seluruh badan (tidak hanya kepala) dengan air hangat. ;objek
Apabila demam terjadi, Anda dapat mencoba menurunkannya dengan obat penurun panas seperti ibuprofen atau parasetamol, Anda juga dapat mengompres seluruh badan (tidak hanya kepala) dengan air hangat. ;outcome
Namun, kompres harus diperas dan direndam di air hangat kembali secara teratur. ;tindakan
Tidak boleh hanya ditinggal begitu saja karena jika ditinggal terlalu lama akan menjadi dingin. Untuk penanganan lebih lanjut kami sarankan Anda segera memeriksakan diri ke dokter.;tindakan
Demam Anak Naik Turun, Mungkin 4 Hal Ini Penyebabnya;artikel
Demikian informasi yang dapat kami sampaikan mengenai demam naik turun. ;penutup
Semoga bermanfaat. Salam. ;penutup
hallo dok ,saya mau menanyakan jika pup air semua itu dikarnakan kenapa yaa.. badan sayaa lemas jugaa hampir setiap saat saya pup;pasien
hallo dok ,saya mau menanyakan jika pup air semua itu dikarnakan kenapa yaa.. badan sayaa lemas jugaa hampir setiap saat saya pup;gejala
hallo dok ,saya mau menanyakan jika pup air semua itu dikarnakan kenapa yaa.. badan sayaa lemas jugaa hampir setiap saat saya pup;pertanyaan
Terima kasih telah bertanya seputar diare melalui Tanya Dokter.;pembuka
Diare adalah peningkatan jumlah ( tiga kali atau lebih) atau penurunan konsistensi dari tinja (menjadi lunak atau cair) dalam waktu 24 jam. ;penyakit
pengobatan hiponatremia dilakukan dengan memberikan natrium melalui cairan infus di rumah sakit.;penyebab
Diare adalah peningkatan jumlah ( tiga kali atau lebih) atau penurunan konsistensi dari tinja (menjadi lunak atau cair) dalam waktu 24 jam. ;periode
Diare dapat dibagi menjadi akut (kurang dari 14 hari) dan persisten (lebih dari 14 hari) dan kronik (lebih dari 1 bulan).;penyakit
Diare dapat dibagi menjadi akut (kurang dari 14 hari) dan persisten (lebih dari 14 hari) dan kronik (lebih dari 1 bulan).;periode
Gejala dan tandanya meliputi konsistensi feses menurun (cair) dengan/ tanpa darah, suhu badan mungkin meningkat (demam), nyeri perut, sakit kepala, nafsu makan tidak ada/ berkurang, lemah, mual, muntah, mialgia (nyeri otot), gelisah.;gejala
Konsistensi tinja yang cair yang menjadi karakteristik diare biasanya akan hilang dalam beberapa hari. ;outcome
Konsistensi tinja yang cair yang menjadi karakteristik diare biasanya akan hilang dalam beberapa hari. ;periode
Diare kronik dapat menjadi tanda adanya kelainan yang lebih serius, seperti adanya infflamatory bowel disease atau imunodefisiensi (seperti HIV). ;penyakit
Diare kronik dapat menjadi tanda adanya kelainan yang lebih serius, seperti adanya infflamatory bowel disease atau imunodefisiensi (seperti HIV). ;penyebab
Diare dapat menyebabkan kehilangan cairan dan elektrolit yang cukup signifikan.;penyakit
Diare dapat menyebabkan kehilangan cairan dan elektrolit yang cukup signifikan.;outcome
Kebanyakan diare akan sembuh sendiri tanpa pengobatan. ;penyakit
Kebanyakan diare akan sembuh sendiri tanpa pengobatan. ;outcome
Penting juga diperhatikan sudah berapa lama atau sudah berapa hari Anda mengalami diare ini.;penyakit
Apabila lebih dari 3 hari atau bahkan hingga seminggu, kemungkinan besar ada penyebab yang membutuhkan penanganan lebih serius seperti infeksi bakteri.;periode
Apabila lebih dari 3 hari atau bahkan hingga seminggu, kemungkinan besar ada penyebab yang membutuhkan penanganan lebih serius seperti infeksi bakteri.;tindakan
"Penyebab diare dapat bermacam-macam, diantaranya disebabkan oleh: 1.virus (paling sering) 2. bakteri 3.	infeksi parasit 4.	obat-obatan (kafein, alkohol) 5.	penyakit non-infeksi (irritable bowel syndrome, inflammatory bowel disease) 6.	laktosa (gula yang terdapat di dalam susu)7.	pemanis buatan (sorbitol dan mannitol, pemanis buatan yang terdapat di permen karet atau produk bebas gula lainnya dapat menyebabkan diare pada orang sehat) 8.	keracunan makanan ";penyakit
"Penyebab diare dapat bermacam-macam, diantaranya disebabkan oleh: 1.virus (paling sering) 2. bakteri 3.	infeksi parasit 4.	obat-obatan (kafein, alkohol) 5.	penyakit non-infeksi (irritable bowel syndrome, inflammatory bowel disease) 6.	laktosa (gula yang terdapat di dalam susu)7.	pemanis buatan (sorbitol dan mannitol, pemanis buatan yang terdapat di permen karet atau produk bebas gula lainnya dapat menyebabkan diare pada orang sehat) 8.	keracunan makanan ";penyebab
Saat ini yang pasti perhatikan asupan cairan untuk mengkompensasi cairan dan elektrolit yang keluar dengan mengkonsumsi oralit dan air putih setidaknya 2 liter per hari. ;tindakan
Usahakan untuk minum setiap setelah diare. Tak lupa batasi konsumsi serat (buah dan sayur) hingga diare menghilang.;tindakan
Usahakan untuk minum setiap setelah diare. Tak lupa batasi konsumsi serat (buah dan sayur) hingga diare menghilang.;prakondisi
Usahakan untuk minum setiap setelah diare. Tak lupa batasi konsumsi serat (buah dan sayur) hingga diare menghilang.;periode
Demikian informasi yang dapat kami sampaikan, semoga bermanfaat.;penutup
Assalamualaikum, selamat malam. Dok kenalan saya mengalami diare pada awalnya, dan setelah kurang lebih 3 hari jadi berubah bukan lagi feses tapi darah yang keluar dan frekuensinya kurang lebih setiap satu jam satu kali. Itu diagnosis nya apa ya dok? Dan untuk pertolongan pertama apa yang harus dilakukan? Terima kasih Wassalamualaikum;pasien
Assalamualaikum, selamat malam. Dok kenalan saya mengalami diare pada awalnya, dan setelah kurang lebih 3 hari jadi berubah bukan lagi feses tapi darah yang keluar dan frekuensinya kurang lebih setiap satu jam satu kali. Itu diagnosis nya apa ya dok? Dan untuk pertolongan pertama apa yang harus dilakukan? Terima kasih Wassalamualaikum;penyakit
Assalamualaikum, selamat malam. Dok kenalan saya mengalami diare pada awalnya, dan setelah kurang lebih 3 hari jadi berubah bukan lagi feses tapi darah yang keluar dan frekuensinya kurang lebih setiap satu jam satu kali. Itu diagnosis nya apa ya dok? Dan untuk pertolongan pertama apa yang harus dilakukan? Terima kasih Wassalamualaikum;
Assalamualaikum, selamat malam. Dok kenalan saya mengalami diare pada awalnya, dan setelah kurang lebih 3 hari jadi berubah bukan lagi feses tapi darah yang keluar dan frekuensinya kurang lebih setiap satu jam satu kali. Itu diagnosis nya apa ya dok? Dan untuk pertolongan pertama apa yang harus dilakukan? Terima kasih Wassalamualaikum;prakondisi
Assalamualaikum, selamat malam. Dok kenalan saya mengalami diare pada awalnya, dan setelah kurang lebih 3 hari jadi berubah bukan lagi feses tapi darah yang keluar dan frekuensinya kurang lebih setiap satu jam satu kali. Itu diagnosis nya apa ya dok? Dan untuk pertolongan pertama apa yang harus dilakukan? Terima kasih Wassalamualaikum;kapan
Assalamualaikum, selamat malam. Dok kenalan saya mengalami diare pada awalnya, dan setelah kurang lebih 3 hari jadi berubah bukan lagi feses tapi darah yang keluar dan frekuensinya kurang lebih setiap satu jam satu kali. Itu diagnosis nya apa ya dok? Dan untuk pertolongan pertama apa yang harus dilakukan? Terima kasih Wassalamualaikum;outcome
Assalamualaikum, selamat malam. Dok kenalan saya mengalami diare pada awalnya, dan setelah kurang lebih 3 hari jadi berubah bukan lagi feses tapi darah yang keluar dan frekuensinya kurang lebih setiap satu jam satu kali. Itu diagnosis nya apa ya dok? Dan untuk pertolongan pertama apa yang harus dilakukan? Terima kasih Wassalamualaikum;periode
Assalamualaikum, selamat malam. Dok kenalan saya mengalami diare pada awalnya, dan setelah kurang lebih 3 hari jadi berubah bukan lagi feses tapi darah yang keluar dan frekuensinya kurang lebih setiap satu jam satu kali. Itu diagnosis nya apa ya dok? Dan untuk pertolongan pertama apa yang harus dilakukan? Terima kasih Wassalamualaikum;pertanyaan
Terima kasihbterlah bertanya seputar diare berdarah melalui Tanya Dokter.;pembuka
Diare adalah peningkatan jumlah ( tiga kali atau lebih) atau penurunan konsistensi dari tinja (menjadi lunak atau cair) dalam waktu 24 jam. ;penyakit
Diare adalah peningkatan jumlah ( tiga kali atau lebih) atau penurunan konsistensi dari tinja (menjadi lunak atau cair) dalam waktu 24 jam. ;penyebab
Diare adalah peningkatan jumlah ( tiga kali atau lebih) atau penurunan konsistensi dari tinja (menjadi lunak atau cair) dalam waktu 24 jam. ;periode
Diare dapat dibagi menjadi akut (kurang dari 14 hari) dan persisten (lebih dari 14 hari) dan kronik (lebih dari 1 bulan).;penyakit
Diare dapat dibagi menjadi akut (kurang dari 14 hari) dan persisten (lebih dari 14 hari) dan kronik (lebih dari 1 bulan).;periode
Gejala dan tandanya meliputi: Konsistensi  feses menurun (cair) dengan/ tanpa darah, suhu badan mungkin meningkat (demam), nyeri perut, sakit kepala, nafsu makan tidak ada/ berkurang, lemah, mual, muntah, mialgia (nyeri otot), gelisah.;gejala
Konsistensi tinja yang cair yang menjadi karakteristik diare biasanya akan hilang dalam beberapa hari. ;outcome
Konsistensi tinja yang cair yang menjadi karakteristik diare biasanya akan hilang dalam beberapa hari. ;periode
Diare kronik dapat menjadi tanda adanya kelainan yang lebih serius, seperti adanya inflamatory bowel disease. ;penyakit
Diare kronik dapat menjadi tanda adanya kelainan yang lebih serius, seperti adanya inflamatory bowel disease. ;penyebab
Diare dapat menyebabkan kehilangan cairan dan elektrolit yang cukup signifikan. ;penyakit
Diare dapat menyebabkan kehilangan cairan dan elektrolit yang cukup signifikan. ;outcome
Kebanyakan diare akan sembuh sendiri tanpa pengobatan. ;penyakit
Kebanyakan diare akan sembuh sendiri tanpa pengobatan. ;outcome
Penting juga diperhatikan sudah berapa lama atau sudah berapa hari Anda mengalami diare ini. Apabila lebih dari 3 hari atau bahkan hingga seminggu, kemungkinan besar ada penyebab yang membutuhkan penanganan lebih serius seperti infeksi bakteri.;penyakit
Penting juga diperhatikan sudah berapa lama atau sudah berapa hari Anda mengalami diare ini. Apabila lebih dari 3 hari atau bahkan hingga seminggu, kemungkinan besar ada penyebab yang membutuhkan penanganan lebih serius seperti infeksi bakteri.;periode
Penting juga diperhatikan sudah berapa lama atau sudah berapa hari Anda mengalami diare ini. Apabila lebih dari 3 hari atau bahkan hingga seminggu, kemungkinan besar ada penyebab yang membutuhkan penanganan lebih serius seperti infeksi bakteri.;tindakan
Penyebab diare dapat bermacam-macam, diantaranya disebabkan oleh: virus (paling sering) bakteri infeksi parasit obat-obatan (kafein, alkohol) penyakit non-infeksi (irritable bowel syndrome, inflammatory bowel disease) laktosa (gula yang terdapat di dalam susu) pemanis buatan (sorbitol dan mannitol, pemanis buatan yang terdapat di permen karet atau produk bebas gula lainnya dapat menyebabkan diare pada orang sehat) keracunan makanan;penyakit
Penyebab diare dapat bermacam-macam, diantaranya disebabkan oleh: virus (paling sering) bakteri infeksi parasit obat-obatan (kafein, alkohol) penyakit non-infeksi (irritable bowel syndrome, inflammatory bowel disease) laktosa (gula yang terdapat di dalam susu) pemanis buatan (sorbitol dan mannitol, pemanis buatan yang terdapat di permen karet atau produk bebas gula lainnya dapat menyebabkan diare pada orang sehat) keracunan makanan;penyebab
Untuk penanganan lebih lanjut, harus dicari tahu penyebabnya melalui wawancara medis dan pemeriksaan fisik langsung oleh dokter. ;tindakan
Saat ini yang pasti perhatikan asupan cairan untuk mengkompensasi cairan dan elektrolit yang keluar dengan mengkonsumsi oralit dan air putih setidaknya 2 liter per hari. ;tindakan
Saat ini yang pasti perhatikan asupan cairan untuk mengkompensasi cairan dan elektrolit yang keluar dengan mengkonsumsi oralit dan air putih setidaknya 2 liter per hari. ;objek
Tak lupa batasi konsumsi serat (buah dan sayur) hingga diare  menghilang.;tindakan
Tak lupa batasi konsumsi serat (buah dan sayur) hingga diare  menghilang.;objek
Tak lupa batasi konsumsi serat (buah dan sayur) hingga diare  menghilang.;periode
Diare berlendir dan berdarah mungkin menunjukkan adanya infeksi dan diperlukan antibiotik yang sesuai dengan kuman penyebabnya. ;penyakit
Diare berlendir dan berdarah mungkin menunjukkan adanya infeksi dan diperlukan antibiotik yang sesuai dengan kuman penyebabnya. ;penyebab
Diare berlendir dan berdarah mungkin menunjukkan adanya infeksi dan diperlukan antibiotik yang sesuai dengan kuman penyebabnya. ;tindakan
Diperlukan pemeriksaan fisik dan penunjang (seperti analisa feses/tinja) untuk menegakkan diagnosis penyakit Anda. ;tindakan
Kami sarankan Anda untuk memeriksakan diri ke dokter agar dilakukan pemeriksaan fisik dan penunjang yang memadai, sehingga mendapatkan penanganan yang sesuai.;tindakan
Jenis-Jenis Diare yang Perlu Anda Tahu;artikel
Membedakan Diare Akut dan Diare Kronis;artikel
Inilah Cara Mengobati BAB Berdarah Sesuai Penyebabnya;artikel
Demikian yang dapat kami sampaikan seputar diare berdarah, semoga bermanfaat.;penutup
"Dok mau tanya, saya diare lendir darah sudah 3 hari berturut"", bagaimana solusinya dok ? Apakah berbahaya ?";pasien
"Dok mau tanya, saya diare lendir darah sudah 3 hari berturut"", bagaimana solusinya dok ? Apakah berbahaya ?";gejala
"Dok mau tanya, saya diare lendir darah sudah 3 hari berturut"", bagaimana solusinya dok ? Apakah berbahaya ?";periode
"Dok mau tanya, saya diare lendir darah sudah 3 hari berturut"", bagaimana solusinya dok ? Apakah berbahaya ?";pertanyaan
Halo Sdri;pembuka
Saya mengerti keluhan yang disampaikan dan kekhawatiran Anda.     ;pembuka
Diare adalah peningkatan jumlah ( tiga kali atau lebih) atau penurunan konsistensi dari tinja (menjadi lunak atau cair) dalam waktu 24 jam. ;penyakit
Diare adalah peningkatan jumlah ( tiga kali atau lebih) atau penurunan konsistensi dari tinja (menjadi lunak atau cair) dalam waktu 24 jam. ;penyebab
Diare adalah peningkatan jumlah ( tiga kali atau lebih) atau penurunan konsistensi dari tinja (menjadi lunak atau cair) dalam waktu 24 jam. ;periode
Diare dapat dibagi menjadi akut (kurang dari 14 hari) dan persisten (lebih dari 14 hari) dan kronik (lebih dari 1 bulan).;penyakit
Diare dapat dibagi menjadi akut (kurang dari 14 hari) dan persisten (lebih dari 14 hari) dan kronik (lebih dari 1 bulan).;periode
Gejala dan tandanya meliputi: Konsistensi  feses menurun (cair) dengan/ tanpa darah, suhu badan mungkin meningkat (demam), nyeri perut, sakit kepala, nafsu makan tidak ada/ berkurang, lemah, mual, muntah, mialgia (nyeri otot), gelisah.;gejala
Konsistensi tinja yang cair yang menjadi karakteristik diare biasanya akan hilang dalam beberapa hari. ;outcome
Konsistensi tinja yang cair yang menjadi karakteristik diare biasanya akan hilang dalam beberapa hari. ;periode
Diare kronik dapat menjadi tanda adanya kelainan yang lebih serius, seperti adanya inflamatory bowel disease. ;penyakit
Diare kronik dapat menjadi tanda adanya kelainan yang lebih serius, seperti adanya inflamatory bowel disease. ;penyebab
Diare dapat menyebabkan kehilangan cairan dan elektrolit yang cukup signifikan. ;penyakit
Diare dapat menyebabkan kehilangan cairan dan elektrolit yang cukup signifikan. ;outcome
Kebanyakan diare akan sembuh sendiri tanpa pengobatan. ;penyakit
Kebanyakan diare akan sembuh sendiri tanpa pengobatan. ;outcome
Apabila lebih dari 3 hari atau bahkan hingga seminggu, kemungkinan besar ada penyebab yang membutuhkan penanganan lebih serius seperti infeksi bakteri.;periode
Apabila lebih dari 3 hari atau bahkan hingga seminggu, kemungkinan besar ada penyebab yang membutuhkan penanganan lebih serius seperti infeksi bakteri.;tindakan
Penyebab diare dapat bermacam-macam, diantaranya disebabkan oleh: virus (paling sering) bakteri infeksi parasit obat-obatan (kafein, alkohol) penyakit non-infeksi (irritable bowel syndrome, inflammatory bowel disease) laktosa (gula yang terdapat di dalam susu) pemanis buatan (sorbitol dan mannitol, pemanis buatan yang terdapat di permen karet atau produk bebas gula lainnya dapat menyebabkan diare pada orang sehat) keracunan makanan;penyebab
Untuk penanganan lebih lanjut, harus dicari tahu penyebabnya melalui wawancara medis dan pemeriksaan fisik langsung oleh dokter;tindakan
Saat ini yang pasti perhatikan asupan cairan untuk mengkompensasi cairan dan elektrolit yang keluar dengan mengkonsumsi oralit dan air putih setidaknya 2 liter per hari. ;tindakan
Saat ini yang pasti perhatikan asupan cairan untuk mengkompensasi cairan dan elektrolit yang keluar dengan mengkonsumsi oralit dan air putih setidaknya 2 liter per hari. ;objek
Tak lupa batasi konsumsi serat (buah dan sayur) hingga diare  menghilang.;tindakan
Tak lupa batasi konsumsi serat (buah dan sayur) hingga diare  menghilang.;periode
Diare berlendir dan berdarah menunjukkan adanya infeksi dan diperlukan antibiotik yang sesuai dengan kuman penyebabnya. ;penyakit
Diare berlendir dan berdarah menunjukkan adanya infeksi dan diperlukan antibiotik yang sesuai dengan kuman penyebabnya. ;penyebab
Diare berlendir dan berdarah menunjukkan adanya infeksi dan diperlukan antibiotik yang sesuai dengan kuman penyebabnya. ;tindakan
Kami sarankan Anda untuk memeriksakan diri kembali ke dokter agar dilakukan pemeriksaan fisik dan penunjang yang memadai, sehingga mendapatkan penanganan yang sesuai.;tindakan
Inilah Cara Mengobati BAB Berdarah Sesuai Penyebabnya;artikel
Jenis-Jenis Diare yang Perlu Anda Tahu;artikel
Terima kasih sudah berkonsultasi melalui fitur Tanya Dokter. ;penutup
Jangan ragu untuk kembali berkonsultasi jika masih ada keluhan lainnya, ya.  ;penutup
Sdri dapat juga berkonsultasi melalui Aplikasi KlikDokter kapan pun dan di mana pun dengan men-download aplikasi Klikdokter melakui Play Store/ Android: https://www.klikdokter.com/download-App Store : https://app.adjust.com/n01yug7  ;penutup
Semoga sehat selalu/semoga lekas membaik.;penutup
Dok katanya orang yg diare tidak boleh mengkonsumsi manis2 gimana dengan minuman isotonik?;pasien
Dok katanya orang yg diare tidak boleh mengkonsumsi manis2 gimana dengan minuman isotonik?;penyakit
Dok katanya orang yg diare tidak boleh mengkonsumsi manis2 gimana dengan minuman isotonik?;tindakan
Dok katanya orang yg diare tidak boleh mengkonsumsi manis2 gimana dengan minuman isotonik?;pertanyaan
Terima kasih telah bertanya seputar gizi untuk penderita diare menggunakan fitur Tanya Dokter.;pembuka
Diare membutuhkan asupan kembali untuk penderitanya agar tidak dehidrasi. ;penyakit
Diare membutuhkan asupan kembali untuk penderitanya agar tidak dehidrasi. ;outcome
Bukan hal yang tidak manis yang tidak diperlukan, karena tentu banyak makanan yang justru diperlukan oleh seorang penderita diare untuk pulih kembali, seperti pisang, serealia, sayuran, dan nasi, misalnya. ;tindakan
Bukan hal yang tidak manis yang tidak diperlukan, karena tentu banyak makanan yang justru diperlukan oleh seorang penderita diare untuk pulih kembali, seperti pisang, serealia, sayuran, dan nasi, misalnya. ;objek
Namun, misalnya, jika hendak mengonsumsi serealia saat diare, pastikan Anda tidak menambahkan gula, madu, susu atau keju ke dalamnya. ;penyakit
Namun, misalnya, jika hendak mengonsumsi serealia saat diare, pastikan Anda tidak menambahkan gula, madu, susu atau keju ke dalamnya. ;tindakan
Namun, misalnya, jika hendak mengonsumsi serealia saat diare, pastikan Anda tidak menambahkan gula, madu, susu atau keju ke dalamnya. ;objek
Sebagai gantinya, Anda dapat mengombinasikan serealia tersebut dengan potongan pisang atau apel. ;tindakan
Sebagai gantinya, Anda dapat mengombinasikan serealia tersebut dengan potongan pisang atau apel. ;objek
Gunakan tambahan gula sewajarnya. ;tindakan
Gunakan tambahan gula sewajarnya. ;objek
Minuman isotonik dapat digunakan untuk memperbaiki dehidrasi penderita diare.;penyakit
Minuman isotonik dapat digunakan untuk memperbaiki dehidrasi penderita diare.;tindakan
Minuman isotonik dapat digunakan untuk memperbaiki dehidrasi penderita diare.;outcome
Atasi Diare dengan Konsumsi Makanan Ini;artikel
Makanan untuk Anak yang Diare;artikel
Hal-Hal yang Bikin Anak Mudah Terserang Diare;artikel
Demikian yang dapat kami sampaikan mengenai gizi untuk penderita diare. ;penutup
Apabila Anda ingin mengetahui atau berkonsultasi lebih lanjut seputar masalah tersebut, Anda dapat berkonsultasi dengan saya melalui fitur live chat di aplikasi KlikDokter. ;penutup
Terima kasih. ;penutup
dok mau tanya, pagi ini saya merasam mual dan mencretnya sangat cair seperti air saat BAB, dan nafsu makan saya juga berkurang drastis;pasien
dok mau tanya, pagi ini saya merasam mual dan mencretnya sangat cair seperti air saat BAB, dan nafsu makan saya juga berkurang drastis;gejala
padahal malam harinya saya baik baik saja tidak ada gejala apapun. untuk penanganannya saya harus bagaimana dok?;pertanyaan
Halo Sdri;pembuka
Saya mengerti keluhan yang disampaikan dan kekhawatiran Anda.    ;pembuka
Diare sendiri adalah peningkatan jumlah ( tiga kali atau lebih) atau penurunan konsistensi dari tinja (menjadi lunak atau cair) dalam waktu 24 jam.;penyakit
Diare sendiri adalah peningkatan jumlah ( tiga kali atau lebih) atau penurunan konsistensi dari tinja (menjadi lunak atau cair) dalam waktu 24 jam.;penyebab
Diare sendiri adalah peningkatan jumlah ( tiga kali atau lebih) atau penurunan konsistensi dari tinja (menjadi lunak atau cair) dalam waktu 24 jam.;periode
Diare dapat dibagi menjadi akut (kurang dari 14 hari) dan persisten (lebih dari 14 hari) dan kronik (lebih dari 1 bulan).;penyakit
Diare dapat dibagi menjadi akut (kurang dari 14 hari) dan persisten (lebih dari 14 hari) dan kronik (lebih dari 1 bulan).;periode
Gejala dan tandanya meliputi: Konsistensi feses menurun (cair) dengan/ tanpa darah Suhu badan mungkin meningkat (demam) Mules atau nyeri perut Sakit kepala Nafsu makan tidak ada/ berkurang Merasa lemah Mual dan muntah Mialgia (nyeri otot) Gelisah.;gejala
Konsistensi tinja yang cair yang menjadi karakteristik diare biasanya akan hilang dalam beberapa hari. ;outcome
Konsistensi tinja yang cair yang menjadi karakteristik diare biasanya akan hilang dalam beberapa hari. ;periode
Diare dapat menyebabkan kehilangan cairan dan elektrolit yang cukup signifikan. ;penyakit
Diare dapat menyebabkan kehilangan cairan dan elektrolit yang cukup signifikan. ;outcome
Kebanyakan diare akan sembuh sendiri tanpa pengobatan. ;penyakit
Kebanyakan diare akan sembuh sendiri tanpa pengobatan. ;outcome
Apabila lebih dari 3 hari atau bahkan hingga seminggu, kemungkinan besar ada penyebab yang membutuhkan penanganan lebih serius seperti infeksi bakteri.;periode
Apabila lebih dari 3 hari atau bahkan hingga seminggu, kemungkinan besar ada penyebab yang membutuhkan penanganan lebih serius seperti infeksi bakteri.;penyebab
Apabila lebih dari 3 hari atau bahkan hingga seminggu, kemungkinan besar ada penyebab yang membutuhkan penanganan lebih serius seperti infeksi bakteri.;tindakan
Penyebab diare dapat bermacam-macam, tetapi paling sering disebabkan oleh infeksi virus atau bakteri atau akibat keracunan makanan;penyakit
Penyebab diare dapat bermacam-macam, tetapi paling sering disebabkan oleh infeksi virus atau bakteri atau akibat keracunan makanan;penyebab
Pada orang yang tidak dapat mengonsumsi susu (intoleransi laktosa), diare juga bisa terjadi.;penyebab
Saat ini yang pasti perhatikan asupan cairan untuk mengganti cairan dan elektrolit yang keluar dengan mengkonsumsi oralit dan air putih setidaknya 2 liter per hari.;tindakan
Saat ini yang pasti perhatikan asupan cairan untuk mengganti cairan dan elektrolit yang keluar dengan mengkonsumsi oralit dan air putih setidaknya 2 liter per hari.;objek
Tak lupa batasi konsumsi serat (buah dan sayur) hingga diare menghilang.;tindakan
Tak lupa batasi konsumsi serat (buah dan sayur) hingga diare menghilang.;periode
Anda dapat mengonsumsi buah pisang dan apel yang dapat membantu menghentikan diare.;tindakan
Anda dapat mengonsumsi buah pisang dan apel yang dapat membantu menghentikan diare.;objek
Anda dapat mengonsumsi buah pisang dan apel yang dapat membantu menghentikan diare.;outcome
Bila keluhan Anda tidak membaik, kami sarankan untuk pemeriksaan lebih lanjut dengan konsultasikan langsung ke dokter. ;prakondisi
Bila keluhan Anda tidak membaik, kami sarankan untuk pemeriksaan lebih lanjut dengan konsultasikan langsung ke dokter. ;tindakan
Terima kasih sudah berkonsultasi melalui fitur Tanya Dokter.;penutup
Jangan ragu untuk kembali berkonsultasi jika masih ada keluhan lainnya, ya.  ;penutup
Sdr dapat juga berkonsultasi melalui Aplikasi KlikDokter kapan pun dan di mana pun dengan men-download aplikasi Klikdokter melakui Play Store/ Android: https://www.klikdokter.com/download-App Store : https://app.adjust.com/n01yug7  ;penutup
Semoga sehat selalu/semoga lekas membaik.;penutup
Dok, saya mau tanya Anak saya berumur 2 tahun, sudah 1 minggu ini diare , sehari 4 sampai 5 x sehari Minggu sebelum nya sudah diare, tapi sudah saya periksakan ke dokter, susu nya pun sudah saya ganti dengan yg LLM, dan sudah tidak mencret lagi Tapi 2 hari setelah obatnya habis dan saya menghentikan susu yg LLM itu anak saya diare lagi, gimana ya dok, apa saya harus mengganti susu yg biasa diminum anak saya atau gimana? Terima kasih y dok..;pasien
Dok, saya mau tanya Anak saya berumur 2 tahun, sudah 1 minggu ini diare , sehari 4 sampai 5 x sehari Minggu sebelum nya sudah diare, tapi sudah saya periksakan ke dokter, susu nya pun sudah saya ganti dengan yg LLM, dan sudah tidak mencret lagi Tapi 2 hari setelah obatnya habis dan saya menghentikan susu yg LLM itu anak saya diare lagi, gimana ya dok, apa saya harus mengganti susu yg biasa diminum anak saya atau gimana? Terima kasih y dok..;tindakan
Dok, saya mau tanya Anak saya berumur 2 tahun, sudah 1 minggu ini diare , sehari 4 sampai 5 x sehari Minggu sebelum nya sudah diare, tapi sudah saya periksakan ke dokter, susu nya pun sudah saya ganti dengan yg LLM, dan sudah tidak mencret lagi Tapi 2 hari setelah obatnya habis dan saya menghentikan susu yg LLM itu anak saya diare lagi, gimana ya dok, apa saya harus mengganti susu yg biasa diminum anak saya atau gimana? Terima kasih y dok..;prakondisi
Dok, saya mau tanya Anak saya berumur 2 tahun, sudah 1 minggu ini diare , sehari 4 sampai 5 x sehari Minggu sebelum nya sudah diare, tapi sudah saya periksakan ke dokter, susu nya pun sudah saya ganti dengan yg LLM, dan sudah tidak mencret lagi Tapi 2 hari setelah obatnya habis dan saya menghentikan susu yg LLM itu anak saya diare lagi, gimana ya dok, apa saya harus mengganti susu yg biasa diminum anak saya atau gimana? Terima kasih y dok..;periode
Dok, saya mau tanya Anak saya berumur 2 tahun, sudah 1 minggu ini diare , sehari 4 sampai 5 x sehari Minggu sebelum nya sudah diare, tapi sudah saya periksakan ke dokter, susu nya pun sudah saya ganti dengan yg LLM, dan sudah tidak mencret lagi Tapi 2 hari setelah obatnya habis dan saya menghentikan susu yg LLM itu anak saya diare lagi, gimana ya dok, apa saya harus mengganti susu yg biasa diminum anak saya atau gimana? Terima kasih y dok..;pertanyaan
Terima kasih telah bertanya di fitur Tanya Dokter Klikdokter.com;pembuka
Kami mengerti kekhawatiran Anda. ;pembuka
Diare adalah peningkatan jumlah (tiga kali atau lebih) atau penurunan konsistensi dari tinja (menjadi lunak atau cair) dalam waktu 24 jam. ;penyakit
Diare adalah peningkatan jumlah (tiga kali atau lebih) atau penurunan konsistensi dari tinja (menjadi lunak atau cair) dalam waktu 24 jam. ;penyebab
Diare adalah peningkatan jumlah (tiga kali atau lebih) atau penurunan konsistensi dari tinja (menjadi lunak atau cair) dalam waktu 24 jam. ;periode
Sering kali keluhan ini diesertai dengan keluhan perut melilit dan sakit. ;gejala
Diare dapat dibagi menjadi akut (kurang dari 14 hari), persisten (lebih dari 14 hari) dan kronik (lebih dari 1 bulan). ;penyakit
Diare dapat dibagi menjadi akut (kurang dari 14 hari), persisten (lebih dari 14 hari) dan kronik (lebih dari 1 bulan). ;periode
Konsistensi tinja yang cair yang menjadi karakteristik diare biasanya akan hilang dalam beberapa hari.;penyakit
Konsistensi tinja yang cair yang menjadi karakteristik diare biasanya akan hilang dalam beberapa hari.;outcome
Konsistensi tinja yang cair yang menjadi karakteristik diare biasanya akan hilang dalam beberapa hari.;periode
Diare kronik dapat menjadi tanda adanya kelainan yang lebih serius, seperti adanya inflamatory bowel disease. ;penyakit
Diare kronik dapat menjadi tanda adanya kelainan yang lebih serius, seperti adanya inflamatory bowel disease. ;penyebab
Diare dapat menyebabkan kehilangan cairan dan elektrolit yang cukup signifikan. ;penyakit
Diare dapat menyebabkan kehilangan cairan dan elektrolit yang cukup signifikan. ;outcome
Banyak minum air untuk mencegah dehidrasi yang dapat terjadi karena banyaknya cairan yang keluar selama diare berlangsung. ;tindakan
Banyak minum air untuk mencegah dehidrasi yang dapat terjadi karena banyaknya cairan yang keluar selama diare berlangsung. ;outcome
Kebanyakan diare akan sembuh sendiri tanpa pengobatan.;penyakit
Kebanyakan diare akan sembuh sendiri tanpa pengobatan.;outcome
Penyebab diare dapat bermacam-macam, diantaranya disebabkan oleh: virus (paling sering) bakteri infeksi parasit obat-obatan (kafein, alkohol) penyakit non-infeksi (irritable bowel syndrome, inflammatory bowel disease) laktosa (gula yang terdapat di dalam susu) pemanis buatan (sorbitol dan mannitol, pemanis buatan yang terdapat di permen karet atau produk bebas gula lainnya dapat menyebabkan diare pada orang sehat) keracunan makanan;penyebab
Gejala yang menyertai diare dapat berupa mual dan muntah, yang disebabkan oleh infeksi.;penyakit
Gejala yang menyertai diare dapat berupa mual dan muntah, yang disebabkan oleh infeksi.;gejala
Gejala yang menyertai diare dapat berupa mual dan muntah, yang disebabkan oleh infeksi.;penyebab
Infeksi bakteri atau parasit biasanya menyebabkan buang air besar yang berdarah dan juga terjadi demam. ;outcome
Infeksi bakteri atau parasit biasanya menyebabkan buang air besar yang berdarah dan juga terjadi demam. ;penyebab
Masuk angin bukanlah merupakan istilah medis, dan biasanya disebabkan oleh infeksi virus.;penyakit
Masuk angin bukanlah merupakan istilah medis, dan biasanya disebabkan oleh infeksi virus.;penyebab
Kami sarankan agar teman Anda berkonsultasi kepada dokter agar dapat dilakukan pemeriksaan terlebih dahulu agar dapat diketahui pengobatan yang tepat. ;tindakan
Pengobatan yang diberikan tergantung dari penyebabnya. Jangan lupa untuk minum air putih atau oralit yang cukup untuk mengganti cairan yang hilang.;tindakan
Demikian informasi ini kami sampaikan, semoga bermanfaat.;penutup
Dok, 3 hari belakangan ini saya sering sakit perut seperti diremas;pasien
Dok, 3 hari belakangan ini saya sering sakit perut seperti diremas;gejala
awal mulanya saya ga makan seharian trus saya cmn makan Chiki sama minum air putih;prakondisi
"bab saya keluarnya air dok, itu kira"" knp ya dok?";pertanyaan
Halo Sdri;pembuka
Saya mengerti keluhan yang disampaikan dan kekhawatiran Anda.    ;pembuka
Diare sendiri adalah peningkatan jumlah ( tiga kali atau lebih) atau penurunan konsistensi dari tinja (menjadi lunak atau cair) dalam waktu 24 jam.;penyakit
Diare sendiri adalah peningkatan jumlah ( tiga kali atau lebih) atau penurunan konsistensi dari tinja (menjadi lunak atau cair) dalam waktu 24 jam.;penyebab
Diare sendiri adalah peningkatan jumlah ( tiga kali atau lebih) atau penurunan konsistensi dari tinja (menjadi lunak atau cair) dalam waktu 24 jam.;periode
Diare dapat dibagi menjadi akut (kurang dari 14 hari) dan persisten (lebih dari 14 hari) dan kronik (lebih dari 1 bulan).;penyakit
Diare dapat dibagi menjadi akut (kurang dari 14 hari) dan persisten (lebih dari 14 hari) dan kronik (lebih dari 1 bulan).;periode
Berikut adalah beberapa faktor yang dapat mengakibatkan diare : Faktor lingkungan yang kurang bersih. Faktor penyediaan air bersih yang belum memadai. Infeksi yang disebabkan virus, bakteri, atau parasit lainnya. Korban keracunan bahan makanan atau alergi terhadap zat dalam makanan. Salah satu penyebab diare adalah adanya kontaminasi makanan atau minuman oleh mikroorganisme patogen tertentu.;penyebab
Penyebab diare dapat bermacam-macam, diantaranya disebabkan oleh: virus (paling sering) bakteri infeksi parasit obat-obatan (kafein, alkohol) penyakit non-infeksi (irritable bowel syndrome, inflammatory bowel disease) laktosa (gula yang terdapat di dalam susu) pemanis buatan (sorbitol dan mannitol, pemanis buatan yang terdapat di permen karet atau produk bebas gula lainnya dapat menyebabkan diare pada orang sehat) keracunan makanan;penyakit
Penyebab diare dapat bermacam-macam, diantaranya disebabkan oleh: virus (paling sering) bakteri infeksi parasit obat-obatan (kafein, alkohol) penyakit non-infeksi (irritable bowel syndrome, inflammatory bowel disease) laktosa (gula yang terdapat di dalam susu) pemanis buatan (sorbitol dan mannitol, pemanis buatan yang terdapat di permen karet atau produk bebas gula lainnya dapat menyebabkan diare pada orang sehat) keracunan makanan;penyebab
Gejala yang menyertai diare dapat berupa mual dan muntah, yang disebabkan oleh infeksi. Infeksi bakteri atau parasit biasanya menyebabkan buang air besar yang berdarah dan juga terjadi demam.;penyakit
Gejala yang menyertai diare dapat berupa mual dan muntah, yang disebabkan oleh infeksi. Infeksi bakteri atau parasit biasanya menyebabkan buang air besar yang berdarah dan juga terjadi demam.;gejala
Gejala yang menyertai diare dapat berupa mual dan muntah, yang disebabkan oleh infeksi. Infeksi bakteri atau parasit biasanya menyebabkan buang air besar yang berdarah dan juga terjadi demam.;penyebab
Gejala yang menyertai diare dapat berupa mual dan muntah, yang disebabkan oleh infeksi. Infeksi bakteri atau parasit biasanya menyebabkan buang air besar yang berdarah dan juga terjadi demam.;outcome
Saat diare menyerang, tak sedikit yang berupaya melakukan pengobatan mandiri. Salah satunya mengonsumsi obat diare yang saat ini banyak dijual bebas. ;penyakit
Saat diare menyerang, tak sedikit yang berupaya melakukan pengobatan mandiri. Salah satunya mengonsumsi obat diare yang saat ini banyak dijual bebas. ;tindakan
Saat diare menyerang, tak sedikit yang berupaya melakukan pengobatan mandiri. Salah satunya mengonsumsi obat diare yang saat ini banyak dijual bebas. ;objek
Diperlukan pemeriksaan fisik dan penunjang (seperti analisa fese/tinja) untuk menegakkan diagnosis penyakit Anda. ;tindakan
Selain itu, penting juga untuk mengganti cairan yang keluar karena diare dengan mengkonsumsi air atau oralit.;tindakan
Selain itu, penting juga untuk mengganti cairan yang keluar karena diare dengan mengkonsumsi air atau oralit.;objek
Pada kasus Anda di mana masih terasa nyeri perut, kami menduga masih ada infeksi dalam tubuh Anda sehingga masih ada gejala gangguan pencernaan. ;gejala
Pada kasus Anda di mana masih terasa nyeri perut, kami menduga masih ada infeksi dalam tubuh Anda sehingga masih ada gejala gangguan pencernaan. ;penyebab
kami menyarankan Anda untuk berkonsultasi secara langsung dengan dokter untuk menangani keluhan Anda sesuai dengan penyebabnya. ;tindakan
Terima kasih sudah berkonsultasi melalui fitur Tanya Dokter. ;penutup
Jangan ragu untuk kembali berkonsultasi jika masih ada keluhan lainnya, ya.  ;penutup
Sdri dapat juga berkonsultasi melalui Aplikasi KlikDokter kapan pun dan di mana pun dengan men-download aplikasi Klikdokter melakui Play Store/ Android: https://www.klikdokter.com/download-App Store : https://app.adjust.com/n01yug7  ;penutup
Semoga sehat selalu/semoga lekas membaik.;penutup
Hallo dok saya ingin bertanya, saya kan sakit maaag saya sudah berobat ke dokter;pasien
Hallo dok saya ingin bertanya, saya kan sakit maaag saya sudah berobat ke dokter;penyakit
Hallo dok saya ingin bertanya, saya kan sakit maaag saya sudah berobat ke dokter;prakondisi
Gejalan nya mual mual dan setelah makan merasa begah tapi kenapa saya masih merasa mual mual dan begah ya padahal sudah berobat , dan susah BAB juga dok, Terimakasih;gejala
Gejalan nya mual mual dan setelah makan merasa begah tapi kenapa saya masih merasa mual mual dan begah ya padahal sudah berobat , dan susah BAB juga dok, Terimakasih;kapan
Gejalan nya mual mual dan setelah makan merasa begah tapi kenapa saya masih merasa mual mual dan begah ya padahal sudah berobat , dan susah BAB juga dok, Terimakasih;pertanyaan
Terima kasih telah bertanya seputar maag melalui Tanya Dokter.;pembuka
Rasa mual merupakan bagian dari penyakit maag yang biasa disebut gastritis atau radang lambung dan beberapa gangguan lambung lainnya seperti Gastrosophageal Reflux Disease (GERD) serta penyakit-penyakit lain yang bisa menyebabkan mual karena maag. ;penyakit
Rasa mual merupakan bagian dari penyakit maag yang biasa disebut gastritis atau radang lambung dan beberapa gangguan lambung lainnya seperti Gastrosophageal Reflux Disease (GERD) serta penyakit-penyakit lain yang bisa menyebabkan mual karena maag. ;outcome
Mual karena maag menjadi gejala yang sangat mengganggu bagi penderitanya. ;penyakit
Mual karena maag menjadi gejala yang sangat mengganggu bagi penderitanya. ;gejala
Selain mengganggu aktivitas, rasa mual karena maag dapat membuat nafsu makan berkurang. ;penyakit
Selain mengganggu aktivitas, rasa mual karena maag dapat membuat nafsu makan berkurang. ;outcome
Sakit maag dan radang lambung pada umumnya terjadi karena adanya luka atau iritasi pada lapisan mukosa lambung dan berakibat pada dinding lambung yang menjadi merah, bahkan bisa mengalami bengkak, berdarah dan luka.;penyakit
Sakit maag dan radang lambung pada umumnya terjadi karena adanya luka atau iritasi pada lapisan mukosa lambung dan berakibat pada dinding lambung yang menjadi merah, bahkan bisa mengalami bengkak, berdarah dan luka.;penyebab
Perlu diketahui bahwa mual karena maag juga bisa menjadi pertanda dari jenis penyakit maag kronis bahkan hingga menjadi tukak lambung atau ulkus peptikum. ;penyakit
Perlu diketahui bahwa mual karena maag juga bisa menjadi pertanda dari jenis penyakit maag kronis bahkan hingga menjadi tukak lambung atau ulkus peptikum. ;gejala
Mual karena maag juga sering disebabkan oleh penyakit GERD, dimana makanan dan asam lambung dapat naik hingga menuju tenggorokan dan menimbulkan rasa mual.;penyakit
Mual karena maag juga sering disebabkan oleh penyakit GERD, dimana makanan dan asam lambung dapat naik hingga menuju tenggorokan dan menimbulkan rasa mual.;penyebab
Mual karena maag juga sering disebabkan oleh penyakit GERD, dimana makanan dan asam lambung dapat naik hingga menuju tenggorokan dan menimbulkan rasa mual.;gejala
Mual karena maag dapat di cegah dengan minum air putih. ;penyakit
Mual karena maag dapat di cegah dengan minum air putih. ;tindakan
Konsumsi air putih yang cukup dapat menetralisir kadar asam dalam lambung, sehingga gejala sakit maag dapat berkurang.;penyakit
Konsumsi air putih yang cukup dapat menetralisir kadar asam dalam lambung, sehingga gejala sakit maag dapat berkurang.;tindakan
Konsumsi air putih yang cukup dapat menetralisir kadar asam dalam lambung, sehingga gejala sakit maag dapat berkurang.;outcome
Pilih makanan yang ringan dan tidak terlalu banyak rasa. ;tindakan
Lebih baik makan sedikit tetapi sering, dibandingkan dengan makan sekali namun porsinya banyak. ;tindakan
Perut kembung dapat menimbulkan rasa mual, terutama pada penderita maag.;penyakit
Perut kembung dapat menimbulkan rasa mual, terutama pada penderita maag.;gejala
Makanan yang banyak mengandung lemak membuat lambatnya proses pencernaan. ;outcome
Makanan yang banyak mengandung lemak membuat lambatnya proses pencernaan. ;tindakan
Selain itu, makanan yang banyak mengandung lemak juga menyebabkan perut kembung dan berdampak pada timbulnya rasa mual.;tindakan
Selain itu, makanan yang banyak mengandung lemak juga menyebabkan perut kembung dan berdampak pada timbulnya rasa mual.;outcome
Istirahat sejenak setelah makan besar dengan membuat posisi kepala sedikit ditinggikan. ;tindakan
Hindari melakukan aktivitas berat atau olahraga setelah makan. ;tindakan
Sebaiknya menunggu minimal 1 jam setelah makan untuk kembali melakukan aktifitas berat ataupun berolahraga.;tindakan
Apabila mendapati kondisi mual yang berlebihan, sebaiknya Anda segera mengonsumsi obat anti mual sesuai dengan dosis yang dianjurkan.;prakondisi
Apabila mendapati kondisi mual yang berlebihan, sebaiknya Anda segera mengonsumsi obat anti mual sesuai dengan dosis yang dianjurkan.;tindakan
Tip Atasi Mual Akibat Sakit Lambung;artikel
8 Cara untuk Menghindari Maag Kambuh Lagi;artikel
Maag Tak Kunjung Sembuh, Ada Apa?;artikel
Demikian informasi yang dapat kami sampaikan, semoga bermanfaat.;penutup
Selamat malam dok,permisi mau nanya ,saya akhir-akhir ini sering merasa sesak nafas,sakit perut di bagian ulu hati dan pusing pusing dok,saya juga sering terkena maag dok,mohon solusinya dok apakah itu masih merupakan penyakit maag? Dan cara mengatasinya dok. Terimakasih banyak dok;pasien
Selamat malam dok,permisi mau nanya ,saya akhir-akhir ini sering merasa sesak nafas,sakit perut di bagian ulu hati dan pusing pusing dok,saya juga sering terkena maag dok,mohon solusinya dok apakah itu masih merupakan penyakit maag? Dan cara mengatasinya dok. Terimakasih banyak dok;gejala
Selamat malam dok,permisi mau nanya ,saya akhir-akhir ini sering merasa sesak nafas,sakit perut di bagian ulu hati dan pusing pusing dok,saya juga sering terkena maag dok,mohon solusinya dok apakah itu masih merupakan penyakit maag? Dan cara mengatasinya dok. Terimakasih banyak dok;pertanyaan
Terima kasih telah bertanya seputar mengatasi maag melalui Tanya Dokter.;pembuka
Penyakit maag adalah ganguan pada lambung dimana terjadi peningkatan asam lambung. ;penyakit
Penyakit maag adalah ganguan pada lambung dimana terjadi peningkatan asam lambung. ;penyebab
Maag itu sebenarnya dapat disebabkan oleh banyak hal seperti infeksi kuman H.Pylori, stres, sering telat makan dsb. ;penyakit
Maag itu sebenarnya dapat disebabkan oleh banyak hal seperti infeksi kuman H.Pylori, stres, sering telat makan dsb. ;penyebab
Penyebab-penyebab itu dapat menyebabkan ulkus (luka pada lambung) yang dapat menyebabkan gangguan pada dinding lambung yang lama.;outcome
1. Hindari makanan pedas, terlalu asam dan yang mengandung gas (kol, sawi, minuman bersoda);tindakan
2. Hindari dahulu konsumsi kopi atau teh.;tindakan
3. Makan sedikit-sedikit namun sering (porsi kecil dan sering) bisa hingga 5x dalam sehari;tindakan
4. Jangan terlambat makan (bawa bekal bila memang sulit untuk makan saat kerja);tindakan
5. Usahakan dalam diet makanan yang sehat, banyak sayur dan buah, serta karbohidrat, lemak yang sehat (hindari makanan siap saji dan daging olahan seperti sosis, chicken nugget, hot dog);tindakan
6. Coba hindari stres, coba alihkan ke kegiatan lain bila stres memang sangat menggangu.;tindakan
Jika dengan perubahan pola hidup masih tetap tidak memberikan hasil, sebaiknya Anda berkonsultasi dengan dokter agar dilakukan pemeriksaan dan penanganan dengan tepat.;tindakan
Jika dengan perubahan pola hidup masih tetap tidak memberikan hasil, sebaiknya Anda berkonsultasi dengan dokter agar dilakukan pemeriksaan dan penanganan dengan tepat.;outcome
Demikian informasi ini kami sampaikan, semoga bermanfaat.;penutup
Dokter sy kena GERD hampir sebulan yang lalu..apakah gerd ini bisa menyebabkan badan lemas padahal tidur cukup ?;pasien
Dokter sy kena GERD hampir sebulan yang lalu..apakah gerd ini bisa menyebabkan badan lemas padahal tidur cukup ?;gejala
Dokter sy kena GERD hampir sebulan yang lalu..apakah gerd ini bisa menyebabkan badan lemas padahal tidur cukup ?;penyakit
Dokter sy kena GERD hampir sebulan yang lalu..apakah gerd ini bisa menyebabkan badan lemas padahal tidur cukup ?;periode
Dokter sy kena GERD hampir sebulan yang lalu..apakah gerd ini bisa menyebabkan badan lemas padahal tidur cukup ?;pertanyaan
Halo Bapak;pembuka
Saya mengerti keluhan yang disampaikan dan kekhawatiran Anda.    ;pembuka
Asam Lambung Naik, Bikin Badan Lemas? ;artikel
Terima kasih sudah berkonsultasi melalui fitur Tanya Dokter. Jangan ragu untuk kembali berkonsultasi jika masih ada keluhan lainnya, ya.  ;penutup
cara mengatasi sakit ulu hati;pasien
cara mengatasi sakit ulu hati;gejala
cara mengatasi sakit ulu hati;pertanyaan
Terima kasih telah bertanya seputar nyeri ulu hati melalui Tanya Dokter.;pembuka
Kami mengerti kekhawatiran yang Anda rasakan. ;pembuka
Nyeri ulu hati dapat disebabkan oleh peningkatan asam lambung (maag), penyakit refluks asam lambung ( Gastroesofageal Reflux Disease/ GERD), maupun gejala dari serangan jantung. ;gejala
Nyeri ulu hati dapat disebabkan oleh peningkatan asam lambung (maag), penyakit refluks asam lambung ( Gastroesofageal Reflux Disease/ GERD), maupun gejala dari serangan jantung. ;penyakit
Pada penyakit GERD selain merasakan nyeri di ulu hati, pasien dapat merasakan dada yang panas seperti terbakar hal ini disebabkan oleh naiknya asam lambung ke kerongkongan (esofagus) akibat rusaknya klep antar lambung dan esofagus, selain itu pasien dapat pula merasa asam di lidah.;penyakit
Pada penyakit GERD selain merasakan nyeri di ulu hati, pasien dapat merasakan dada yang panas seperti terbakar hal ini disebabkan oleh naiknya asam lambung ke kerongkongan (esofagus) akibat rusaknya klep antar lambung dan esofagus, selain itu pasien dapat pula merasa asam di lidah.;penyebab
Pada penyakit GERD selain merasakan nyeri di ulu hati, pasien dapat merasakan dada yang panas seperti terbakar hal ini disebabkan oleh naiknya asam lambung ke kerongkongan (esofagus) akibat rusaknya klep antar lambung dan esofagus, selain itu pasien dapat pula merasa asam di lidah.;gejala
Pada serangan jantung memang biasanya gejala yang timbul adalah nyeri dada sebelah kiri seperti ditekan benda berat, tetapi ada juga sebagian pasien yang mengeluhkan nyeri ulu hati lalu nyeri dapat menjalar hingga ke dada bagian belakang atau menjalar ke rahang atau lengan sebelah kiri. Bagaimana keluhan Anda saat ini?;penyakit
Pada serangan jantung memang biasanya gejala yang timbul adalah nyeri dada sebelah kiri seperti ditekan benda berat, tetapi ada juga sebagian pasien yang mengeluhkan nyeri ulu hati lalu nyeri dapat menjalar hingga ke dada bagian belakang atau menjalar ke rahang atau lengan sebelah kiri. Bagaimana keluhan Anda saat ini?;gejala
Kami sarankan Anda untuk memeriksakan diri ke dokter spesialis penyakit dalam. ;tindakan
Dokter akan melakukan wawancara terarah, pemeriksaan fisik menyeluruh dan pemeriksaan penunjang untuk menentukan diagnosis dari keluhan Anda.;outcome
Nyeri Ulu Hati: Penyebab dan Obatnya;artikel
Nyeri Ulu Hati, Apa Selalu karena Asam Lambung Naik?;artikel
Penyebab Nyeri Ulu Hati atau GERD yang Harus Diwaspadai;artikel
Demikian informasi yang dapat kami sampaikan, semoga bermanfaat.;penutup
dok saran obat untuk gerd dok , apakah seperti milanta , promag bisa ? buat jaga jaga kalau kambuh;pasien
dok saran obat untuk gerd dok , apakah seperti milanta , promag bisa ? buat jaga jaga kalau kambuh;pertanyaan
dok saran obat untuk gerd dok , apakah seperti milanta , promag bisa ? buat jaga jaga kalau kambuh;objek
Terima kasih telah bertanya seputar GERD melalui Tanya Dokter.;pembuka
Dokter biasanya akan merekomendasikan terapi modifikasi gaya hidup dan penggunaan obat bebas. ;tindakan
Bila dalam waktu 2 minggu muncul keluhan lain, maka dokter akan merekomendasikan pengobatan obat paten dan pembedahan.;periode
Bila dalam waktu 2 minggu muncul keluhan lain, maka dokter akan merekomendasikan pengobatan obat paten dan pembedahan.;gejala
Terapi GERD dapat dilakukan dengan mengonsumsi obat penekan asam lambung –seperti omeprazole, lansoprazole, pantoprazole. ;tindakan
Terapi GERD dapat dilakukan dengan mengonsumsi obat penekan asam lambung –seperti omeprazole, lansoprazole, pantoprazole. ;outcome
Terapi GERD dapat dilakukan dengan mengonsumsi obat penekan asam lambung –seperti omeprazole, lansoprazole, pantoprazole. ;objek
Obat ini dikonsumsi sebelum makan. ;kapan
Obat ini dikonsumsi sebelum makan. ;tindakan
Baclofen merupakan obat untuk memperkuat sfingter yang dapat diberikan. ;tindakan
Baclofen merupakan obat untuk memperkuat sfingter yang dapat diberikan. ;objek
Namun obat ini memiliki efek samping sakit kepala dan mual.;tindakan
Namun obat ini memiliki efek samping sakit kepala dan mual.;outcome
Selain itu, diberikan juga obat untuk memperlancar pergerakan saluran cerna juga terkadang diberikan –seperti domperidon. ;tindakan
Selain itu, diberikan juga obat untuk memperlancar pergerakan saluran cerna juga terkadang diberikan –seperti domperidon. ;objek
Selain itu, diberikan juga obat untuk memperlancar pergerakan saluran cerna juga terkadang diberikan –seperti domperidon. ;outcome
Namun semua obat-obatan tersebut harus dikonsumsi atas petunjuk dokter.;tindakan
Bila diperlukan, dokter akan merekomendasikan penggunaan obat untuk mengurangi produksi asam lambung yang dikenal dengan proton pump inhibitors serta membantu jaringan esofagus yang rusak untuk pulih. ;tindakan
Bila diperlukan, dokter akan merekomendasikan penggunaan obat untuk mengurangi produksi asam lambung yang dikenal dengan proton pump inhibitors serta membantu jaringan esofagus yang rusak untuk pulih. ;outcome
Tujuannya adalah agar GERD tidak terjadi lagi.;outcome
Apabila Anda mencurigai adanya gangguan GERD, ada beberapa tindakan yang bisa Anda lakukan. Menempatkan bantal kepala sedikit lebih tinggi akan meminimalkan gejala yang Anda rasakan.;outcome
Apabila Anda mencurigai adanya gangguan GERD, ada beberapa tindakan yang bisa Anda lakukan. Menempatkan bantal kepala sedikit lebih tinggi akan meminimalkan gejala yang Anda rasakan.;tindakan
Anda juga dapat mengatasi gejala GERD sementara dengan mengonsumsi obat lambung yang dijual bebas (antasida). ;tindakan
Anda juga dapat mengatasi gejala GERD sementara dengan mengonsumsi obat lambung yang dijual bebas (antasida). ;outcome
Jika tidak berhasil, segera berkonsultasi pada dokter.;tindakan
Selain itu, GERD dapat dicegah dengan menyantap makan malam terakhir 3 jam sebelum pergi tidur. ;tindakan
Selain itu, GERD dapat dicegah dengan menyantap makan malam terakhir 3 jam sebelum pergi tidur. ;kapan
Selain itu, GERD dapat dicegah dengan menyantap makan malam terakhir 3 jam sebelum pergi tidur. ;outcome
Hindari juga konsumsi makanan dan minuman yang dapat memicu GERD. Misalnya makanan pedas, asam, berminyak serta minuman bersoda;tindakan
Hindari juga konsumsi makanan dan minuman yang dapat memicu GERD. Misalnya makanan pedas, asam, berminyak serta minuman bersoda;objek
Selain itu, berhentilah merokok dan jaga agar berat badan tetap ideal. ;tindakan
Jika Anda memiliki masalah dengan kelebihan berat badan, lakukan diet sehat agar Anda terhindar dari GERD. ;prakondisi
Jika Anda memiliki masalah dengan kelebihan berat badan, lakukan diet sehat agar Anda terhindar dari GERD. ;tindakan
Jika Anda memiliki masalah dengan kelebihan berat badan, lakukan diet sehat agar Anda terhindar dari GERD. ;outcome
Bila perlu, berkonsultasilah pada ahli gizi. Mengonsumsi makanan dengan porsi yang kecil namun sering juga dapat membantu.;tindakan
Hindari menggunakan pakaian yang terlalu ketat. ;tindakan
Pakaian tersebut dapat menekan perut dan sfingter esofagus, sehingga memudahkan terjadinya GERD. ;outcome
Demikian, semoga bermanfaat.;penutup
Mau tanya dok,perut saya akhir2 inj sering sakit sampe berkali kali sakit nya,ada rasa mual juga tapi g muntah di tambah pusing kepala juga dok,minta saran nya dok;pasien
Mau tanya dok,perut saya akhir2 inj sering sakit sampe berkali kali sakit nya,ada rasa mual juga tapi g muntah di tambah pusing kepala juga dok,minta saran nya dok;gejala
Mau tanya dok,perut saya akhir2 inj sering sakit sampe berkali kali sakit nya,ada rasa mual juga tapi g muntah di tambah pusing kepala juga dok,minta saran nya dok;pertanyaan
Halo Sdr,;pembuka
Saya mengerti keluhan dan kekhawatiran yang Anda rasakan. ;pembuka
Berdasarkan gejala yang Anda sebutkan, kemungkinan penyebabnya adalah maag. ;penyakit
Maag atau gastritis ini adalah penyakit radang pada lambung akibat meningkatnya asam lambung. Penyakit ini akan menjadi kronik apabila tidak diatasi dengan baik. ;penyakit
Maag atau gastritis ini adalah penyakit radang pada lambung akibat meningkatnya asam lambung. Penyakit ini akan menjadi kronik apabila tidak diatasi dengan baik. ;penyebab
Maag atau gastritis ini adalah penyakit radang pada lambung akibat meningkatnya asam lambung. Penyakit ini akan menjadi kronik apabila tidak diatasi dengan baik. ;tindakan
Maag atau gastritis ini adalah penyakit radang pada lambung akibat meningkatnya asam lambung. Penyakit ini akan menjadi kronik apabila tidak diatasi dengan baik. ;outcome
Selanjutnya, ada juga yang disebut dengan GERD ( gastro-esophageal reflux disease). GERD adalah penyakit pada sistem pencernaan yang terjadi ketika asam lambung naik sampai ke kerongkongan. ;penyakit
Selanjutnya, ada juga yang disebut dengan GERD ( gastro-esophageal reflux disease). GERD adalah penyakit pada sistem pencernaan yang terjadi ketika asam lambung naik sampai ke kerongkongan. ;penyebab
Gejalanya berupa nyeri ulu hati, rasa terbakar di dada, terasa sesak atau berdebar, mual, muntah, mulut terasa pahit/asam, dan rasa tidak nyaman di tenggorokan. ;gejala
Untuk mengatasinya pastikan Anda memiliki pola makan yang teratur atau makan lebih sering tapi dengan porsi sedikit, hindari makanan pedas/asam, hindari kopi, hindari merokok, dan jangan langsung tidur atau berbaring setelah makan.;tindakan
Jika keluhan Anda tidak membaik atau bertambah berat, sebaiknya berkonsultasi langsung ke dokter agar dapat dilakukan pemeriksaan secara langsung.;tindakan
Jika keluhan Anda tidak membaik atau bertambah berat, sebaiknya berkonsultasi langsung ke dokter agar dapat dilakukan pemeriksaan secara langsung.;prakondisi
Sakit Perut karena Mual atau Keracunan Makanan? Ini Bedanya;artikel
Sering Sakit Perut, Ini karena Gas atau Penyakit Lain?;artikel
Sering Sakit Perut? Jangan-jangan Anda Kena IBS!;artikel
Terima kasih sudah berkonsultasi di fitur Tanya Dokter. ;penutup
Jangan ragu untuk kembali berkonsultasi jika masih ada keluhan lainnya, ya. ;penutup
Anda dapat juga berkonsultasi melalui Aplikasi Klikdokter kapan pun dan di mana pun. ;penutup
Semoga Anda cepat pulih.;penutup
Halo dokter, akhir akhir ini saya sering sendawa terus menerus, itu kenapa ya dok?;pasien
Halo dokter, akhir akhir ini saya sering sendawa terus menerus, itu kenapa ya dok?;gejala
Halo dokter, akhir akhir ini saya sering sendawa terus menerus, itu kenapa ya dok?;pertanyaan
Terima kasih telah bertanya seputar sendawa melalui Tanya Dokter.;pembuka
Bersendawa biasanya disebabkan oleh kelebihan asupan makanan atau minuman yang mengandung gas seperti soda, buah mentah, jus buah seperti jus apel, kacang polong dan lain-lain. ;penyebab
Karena itu, perhatikan diet yang dilakukan selama beberapa hari untuk mengenali tipe makanan yang membuat bersendawa. Cara ini bisa membantu untuk mengurangi sendawa.;tindakan
Menelan terlalu banyak udara melalui mulut merupakan salah satu penyebab sendawa. ;penyebab
Udara bisa masuk melalui berbagai cara, seperti saat merokok, mengunyah permen karet atau makan terlalu cepat.;penyebab
Hindari berbaring atau tidur setelah makan. ;tindakan
Lebih baik jalan sebentar atau duduk dengan posisi mendekati lutut selama 10 menit. ;tindakan
Lebih baik jalan sebentar atau duduk dengan posisi mendekati lutut selama 10 menit. ;periode
Cara ini membantu mencerna makanan dengan lebih baik. ;outcome
Selain itu, pastikan mengunyah dan makan secara perlahan untuk mencegah masuknya udara terlalu banyak. ;tindakan
Hindari pula merokok dan stres berlebih.;tindakan
Konsumsi jahe atau biji adas, sepotong jahe kering atau permen jahe setelah makan. ;tindakan
Konsumsi jahe atau biji adas, sepotong jahe kering atau permen jahe setelah makan. ;kapan
Cara ini bisa membantu mengurangi gas di lambung dan meredakan masalah sendawa. ;outcome
Cara ini juga bisa meredakan rasa sakit di perut akibat bersendawa.;outcome
Cobalah untuk berolahraga kecil yang membantu mengeluarkan udara dari perut. ;tindakan
Cobalah untuk berolahraga kecil yang membantu mengeluarkan udara dari perut. ;outcome
Berbaringlah dalam posisi terlentang kemudian angkat dan tekankan lutut ke dada. ;tindakan
Ulangi latihan ini sebanyak 10 kali. Cara ini dinyatakan bisa membuat seseorang yang sering bersendawa merasa lebih nyaman dan memungkinkan udara keluar dari perut.;outcome
Demikian informasi yang dapat kami sampaikan, semoga bermanfaat.;penutup
sakit maag;penyakit
Terima kasih telah menggunakan fitur Tanya Dokter untuk menanyakan mengenai Penyakit Maag.;pembuka
Kami memahami kekhawatiran yang Anda rasakan.;pembuka
Dari gejala yang Anda alami, kemungkinan penyakit yang Anda derita adalah sakit maag.;penyakit
Maag atau di dalam dunia kedokteran disebut dengan gastritis, yaitu peradangan yang terjadi pada lambung akibat pengeluaran asam lambung yang berlebih. ;penyakit
Maag atau di dalam dunia kedokteran disebut dengan gastritis, yaitu peradangan yang terjadi pada lambung akibat pengeluaran asam lambung yang berlebih. ;penyebab
Umumnya maag akan menimbulkan gejala nyeri ulu hati, atau perut kiri atas, mual, kembung, dan muntah. ;penyakit
Umumnya maag akan menimbulkan gejala nyeri ulu hati, atau perut kiri atas, mual, kembung, dan muntah. ;gejala
Apabila keluhan menjadi nyeri dada, dada terasa panas, dan mulut terasa pahit/asam, maka mungkin saja itu bukan maag namun penyakit Refluks Gastroesofageal (GERD) yang terjadi akibat naiknya cairan lambung ke kerongkongan. ;penyakit
Apabila keluhan menjadi nyeri dada, dada terasa panas, dan mulut terasa pahit/asam, maka mungkin saja itu bukan maag namun penyakit Refluks Gastroesofageal (GERD) yang terjadi akibat naiknya cairan lambung ke kerongkongan. ;penyebab
Apabila keluhan menjadi nyeri dada, dada terasa panas, dan mulut terasa pahit/asam, maka mungkin saja itu bukan maag namun penyakit Refluks Gastroesofageal (GERD) yang terjadi akibat naiknya cairan lambung ke kerongkongan. ;gejala
Hal ini disebabkan klep antara lambung dan kerongkongan tidak berfungsi dengan baik.;penyebab
Kondisi stres atau cemas dapat menyebabkan kenaikan produksi asam lambung dimana hal ini tentu saja dapat menambah keluhan dari maag atau GERD yang dirasa.;penyakit
Kondisi stres atau cemas dapat menyebabkan kenaikan produksi asam lambung dimana hal ini tentu saja dapat menambah keluhan dari maag atau GERD yang dirasa.;outcome
Kondisi stres atau cemas dapat menyebabkan kenaikan produksi asam lambung dimana hal ini tentu saja dapat menambah keluhan dari maag atau GERD yang dirasa.;penyebab
Bila benar anda terkena maag, maka selain pengobatan oleh dokter maka anda juga harus melakukan perubahan pola hidup seperti jangan sampai telat makan/usahakan makan teratur,makan sedikit-sedikit tetapi sering,hindari konsumsi makanan pedas,asam,alkohol,rokok,kafein dan hindari stress. ;penyakit
Bila benar anda terkena maag, maka selain pengobatan oleh dokter maka anda juga harus melakukan perubahan pola hidup seperti jangan sampai telat makan/usahakan makan teratur,makan sedikit-sedikit tetapi sering,hindari konsumsi makanan pedas,asam,alkohol,rokok,kafein dan hindari stress. ;tindakan
Selain itu, sebaiknya menghindari konsumsi makanan-makanan asam, pedas, kopi, alkohol, merokok dan hal-hal lain yang dapat merangsang asam lambung.;tindakan
Hindari makanan pedas, terlalu asam dan yang mengandung gas (kol, sawi, minuman bersoda);tindakan
Hindari dahulu konsumsi coklat, keju, kopi atau teh.;tindakan
Makan sedikit-sedikit namun sering (porsi kecil dan sering) bisa hingga 5x dalam sehari;tindakan
Jangan terlambat makan;tindakan
Usahakan dalam diet makanan yang sehat, banyak sayur dan buah, serta karbohidrat, lemak yang sehat (hindari makanan siap saji dan daging olahan seperti sosis, chicken nugget, hot dog);tindakan
Coba hindari stres, coba alihkan ke kegiatan lain bila stres memang sangat menggangu.;tindakan
Sebaiknya Obat untuk menangani sakit maag ada beragam jenisnya, mulai dari yang langsung menetralisir asam lambung yang sudah terbentuk hingga yang perperan pada 'pabrik' pembentuk asam lambung itu sendiri. ;tindakan
Jenis mana yang paling sesuai untuk dikonsumsi tentu bergantung dari kondisi masing- masing orang. Untuk pengelolaan maag akut yang terjadi tiba- tiba, jenis obat yang berisi antasida, hidrotalcyde dan sejenisnya mungkin akan efektif diberikan. ;penyakit
Jenis mana yang paling sesuai untuk dikonsumsi tentu bergantung dari kondisi masing- masing orang. Untuk pengelolaan maag akut yang terjadi tiba- tiba, jenis obat yang berisi antasida, hidrotalcyde dan sejenisnya mungkin akan efektif diberikan. ;tindakan
Jenis mana yang paling sesuai untuk dikonsumsi tentu bergantung dari kondisi masing- masing orang. Untuk pengelolaan maag akut yang terjadi tiba- tiba, jenis obat yang berisi antasida, hidrotalcyde dan sejenisnya mungkin akan efektif diberikan. ;prakondisi
Akan tetapi pada maag yang bersifat kronis diperlukan pengelolaan asam lambung langsung di 'pabrik'nya dengan pernambahan obat seperti omeprazole, lansoprazole.;penyakit
Akan tetapi pada maag yang bersifat kronis diperlukan pengelolaan asam lambung langsung di 'pabrik'nya dengan pernambahan obat seperti omeprazole, lansoprazole.;tindakan
Akan tetapi pada maag yang bersifat kronis diperlukan pengelolaan asam lambung langsung di 'pabrik'nya dengan pernambahan obat seperti omeprazole, lansoprazole.;prakondisi
Demikian penjelasan yang dapat kami berikan mengenai Penyakit Maag. Semoga bermanfaat.;penutup
Dokter, Mama saya sering merasa sesak napas dan sakit pada ulu hatinya. Mama saya juga punya sakit maag. Bagaimana cara menyembuhkannya dok?;pasien
Dokter, Mama saya sering merasa sesak napas dan sakit pada ulu hatinya. Mama saya juga punya sakit maag. Bagaimana cara menyembuhkannya dok?;gejala
Dokter, Mama saya sering merasa sesak napas dan sakit pada ulu hatinya. Mama saya juga punya sakit maag. Bagaimana cara menyembuhkannya dok?;penyakit
Dokter, Mama saya sering merasa sesak napas dan sakit pada ulu hatinya. Mama saya juga punya sakit maag. Bagaimana cara menyembuhkannya dok?;pertanyaan
Terima kasih telah bertanya seputar sesak nafas akibat maag melalui Tanya Dokter.;pembuka
Peningkatan asam lambung memang dapat juga menimbulkan gejala nyeri dada atau perasaan sesak, hal ini biasanya disebabkan oleh GERD atau Gastro-esophageal reflux disease (refluks asam lambung ke kerongkongan). ;penyakit
Peningkatan asam lambung memang dapat juga menimbulkan gejala nyeri dada atau perasaan sesak, hal ini biasanya disebabkan oleh GERD atau Gastro-esophageal reflux disease (refluks asam lambung ke kerongkongan). ;gejala
Peningkatan asam lambung memang dapat juga menimbulkan gejala nyeri dada atau perasaan sesak, hal ini biasanya disebabkan oleh GERD atau Gastro-esophageal reflux disease (refluks asam lambung ke kerongkongan). ;outcome
Faktor-faktor risiko yang mengakibatkan GERD termasuk kehamilan, obesitas, diet lemak tinggi, obat-obatan tertentu, stres, konsumsi tembakau atau alkohol dan sebagainya.;penyakit
Faktor-faktor risiko yang mengakibatkan GERD termasuk kehamilan, obesitas, diet lemak tinggi, obat-obatan tertentu, stres, konsumsi tembakau atau alkohol dan sebagainya.;penyebab
Gejala GERD adalah perut yang mulas, rasa asam atau pahit di bagian belakang mulut atau tenggorokan, masalah menelan, mual, nyeri dada dari GERD dapat meniru serangan jantung, kembung, begah/sesak, dan banyak lainnya.;penyakit
Gejala GERD adalah perut yang mulas, rasa asam atau pahit di bagian belakang mulut atau tenggorokan, masalah menelan, mual, nyeri dada dari GERD dapat meniru serangan jantung, kembung, begah/sesak, dan banyak lainnya.;gejala
Gejala GERD adalah perut yang mulas, rasa asam atau pahit di bagian belakang mulut atau tenggorokan, masalah menelan, mual, nyeri dada dari GERD dapat meniru serangan jantung, kembung, begah/sesak, dan banyak lainnya.;outcome
Obesitas dan kelebihan berat badan meningkatkan GERD. Penurunan berat badan dapat mengurangi gejala GERD;tindakan
Berhenti merokok;tindakan
Pasien yang dianjurkan untuk makan dalam porsi kecil namun lebih sering. Makanan terakhir hari harus diambil minimal 4 jam sebelum tidur. Berbaring segera setelah makan dapat memperburuk gejala GERD.;tindakan
Pasien yang dianjurkan untuk makan dalam porsi kecil namun lebih sering. Makanan terakhir hari harus diambil minimal 4 jam sebelum tidur. Berbaring segera setelah makan dapat memperburuk gejala GERD.;kapan
Pasien yang dianjurkan untuk makan dalam porsi kecil namun lebih sering. Makanan terakhir hari harus diambil minimal 4 jam sebelum tidur. Berbaring segera setelah makan dapat memperburuk gejala GERD.;outcome
Hindari makanan dan minuman yang memicu asam lambung seperti alkohol, kopi, cokelat, tomat, makanan berlemak atau pedas.;tindakan
Hindari pakaian ketat terutama di sekitar perut.;tindakan
Meninggikan ujung kepala saat tidur sekitar 20 cm dengan menempatkan irisan atau blok di bawah bantal akan membantu untuk mengurangi gejala GERD.;tindakan
Meninggikan ujung kepala saat tidur sekitar 20 cm dengan menempatkan irisan atau blok di bawah bantal akan membantu untuk mengurangi gejala GERD.;kapan
Hindari penggunaan obat-obat yang dapat meningkatkan risiko GERD, seperti:nitratanti-kolinergik, antidepresan tricyclic, NSAID (Ibuprofen, asam mefenamat, dsb), kalium garam dan bifosfonat seperti alendronate;tindakan
Hindari penggunaan obat-obat yang dapat meningkatkan risiko GERD, seperti:nitratanti-kolinergik, antidepresan tricyclic, NSAID (Ibuprofen, asam mefenamat, dsb), kalium garam dan bifosfonat seperti alendronate;objek
Terapi GERD adalah dengan obat yang dapat menetralkan asam lambung atau dengan mengurangi produksi asam, seperti Antasid, Alginates (alternatif untuk Antasid), PPIs (omeprazole, lansoprazole) dan pada kasus yang berat dapat memerlukan tindakan operasi.;tindakan
Terapi GERD adalah dengan obat yang dapat menetralkan asam lambung atau dengan mengurangi produksi asam, seperti Antasid, Alginates (alternatif untuk Antasid), PPIs (omeprazole, lansoprazole) dan pada kasus yang berat dapat memerlukan tindakan operasi.;outcome
Jika ada keluhan yang memburuk dan memerlukan perawatan, kami menganjurkan Anda untuk mengunjungi dokter spesialis penyakit dalam untuk evaluasi menyeluruh.;prakondisi
Jika ada keluhan yang memburuk dan memerlukan perawatan, kami menganjurkan Anda untuk mengunjungi dokter spesialis penyakit dalam untuk evaluasi menyeluruh.;tindakan
Demikian yang dapat kami sampaikan, semoga bermanfaat.;penutup
Dok Saya Sering Mengalami Pusing Pusing,Mual,Perut Sering Kembung Dan Sakit Melilit Itu Kira Kira Kenapa Ya Dok;pasien
Dok Saya Sering Mengalami Pusing Pusing,Mual,Perut Sering Kembung Dan Sakit Melilit Itu Kira Kira Kenapa Ya Dok;gejala
Dok Saya Sering Mengalami Pusing Pusing,Mual,Perut Sering Kembung Dan Sakit Melilit Itu Kira Kira Kenapa Ya Dok;pertanyaan
Terima kasih telah bertanya seputar gejala maag melalui Tanya Dokter.;pembuka
Dari gejala yang Anda informasikan, salah satu penyakit yang mungkin menjadi penyebab adalah gangguan asam lambung seperti maag. ;penyakit
Penyakit maag adalah ganguan pada lambung dimana terjadi peningkatan asam lambung. ;penyakit
Penyakit maag adalah ganguan pada lambung dimana terjadi peningkatan asam lambung. ;penyebab
Maag itu sebenarnya dapat disebabkan oleh banyak hal seperti infeksi kuman H.Pylori, stres, sering telat makan dsb. ;penyakit
Maag itu sebenarnya dapat disebabkan oleh banyak hal seperti infeksi kuman H.Pylori, stres, sering telat makan dsb. ;penyebab
Nah penyebab-penyebab itu dapat menyebabkan ulkus (luka pada lambung) yang dapat menyebabkan gangguan pada dinding lambung yang lama.;outcome
Maag umumnya menyebabkan keluhan nyeri perut ulu hati, sensasi sesak nafas, mudah mual muntah.;penyakit
Maag umumnya menyebabkan keluhan nyeri perut ulu hati, sensasi sesak nafas, mudah mual muntah.;gejala
Hindari makanan pedas, terlalu asam dan yang mengandung gas (kol, sawi, minuman bersoda);tindakan
Hindari dahulu konsumsi kopi atau teh.;tindakan
Makan sedikit-sedikit namun sering (porsi kecil dan sering) bisa hingga 5x dalam sehari;tindakan
Jangan terlambat makan (bawa bekal bila memang sulit untuk makan saat kerja);tindakan
Usahakan dalam diet makanan yang sehat, banyak sayur dan buah, serta karbohidrat, lemak yang sehat (hindari makanan siap saji dan daging olahan seperti sosis, chicken nugget, hot dog);tindakan
Coba hindari stres, coba alihkan ke kegiatan lain bila stres memang sangat menggangu.;tindakan
Awalnya, Anda dapat mengonsumsi obat anti asam lambung yang berisikan antasid untuk meredakan gejala. ;tindakan
Antasid merupakan obat untuk menurunkan asam lambung yang bekerja dengan cepat. Antasid biasanya digunakan sebagai terapi akut (saat gejala sedang muncul). Untuk terapi pemeliharaan dapat diberikan obat golongan PPIs seperti omeprazole atau lansoprazole.;tindakan
Antasid merupakan obat untuk menurunkan asam lambung yang bekerja dengan cepat. Antasid biasanya digunakan sebagai terapi akut (saat gejala sedang muncul). Untuk terapi pemeliharaan dapat diberikan obat golongan PPIs seperti omeprazole atau lansoprazole.;objek
Demikian informasi ini kami sampaikan, semoga bermanfaat.;penutup
