Text;tag
Siang Dok, Saya mau tanya pd bulan desember akhir saya pernah positif covid dan sekarang saya mau daftar untuk vaksin covid apakah sudah bisa atau sudah di perbolehkan? terima kasih;Pasien
Siang Dok, Saya mau tanya pd bulan desember akhir saya pernah positif covid dan sekarang saya mau daftar untuk vaksin covid apakah sudah bisa atau sudah di perbolehkan? terima kasih;Kapan
Siang Dok, Saya mau tanya pd bulan desember akhir saya pernah positif covid dan sekarang saya mau daftar untuk vaksin covid apakah sudah bisa atau sudah di perbolehkan? terima kasih;Penyakit
Siang Dok, Saya mau tanya pd bulan desember akhir saya pernah positif covid dan sekarang saya mau daftar untuk vaksin covid apakah sudah bisa atau sudah di perbolehkan? terima kasih;Tindakan
Siang Dok, Saya mau tanya pd bulan desember akhir saya pernah positif covid dan sekarang saya mau daftar untuk vaksin covid apakah sudah bisa atau sudah di perbolehkan? terima kasih;Pertanyaan
Halo Ibu;Pembuka
Saya mengerti keluhan yang disampaikan dan kekhawatiran Anda.;Pembuka 
Sesuai dengan rekomendasi Vaksin Covid-19 dari PAPDI (Perhimpunan Dokter Spesialis Penyakit Dalam Indonesia), bagi penyintas covid tetap dianjurkan untuk melakukan vaksinasi minimal 3 bulan setelah sembuh. ;Pasien
Sesuai dengan rekomendasi Vaksin Covid-19 dari PAPDI (Perhimpunan Dokter Spesialis Penyakit Dalam Indonesia), bagi penyintas covid tetap dianjurkan untuk melakukan vaksinasi minimal 3 bulan setelah sembuh. ;Tindakan
Sesuai dengan rekomendasi Vaksin Covid-19 dari PAPDI (Perhimpunan Dokter Spesialis Penyakit Dalam Indonesia), bagi penyintas covid tetap dianjurkan untuk melakukan vaksinasi minimal 3 bulan setelah sembuh. ;Prakondisi
Terima kasih sudah berkonsultasi melalui fitur Tanya Dokter. ;Penutup
Jangan ragu untuk kembali berkonsultasi jika masih ada keluhan lainnya, ya.  ;Penutup
Ibu dapat juga berkonsultasi melalui Aplikasi KlikDokter kapan pun dan di mana pun dengan men-download aplikasi Klikdokter melakui Play Store/ Android: https://www.klikdokter.com/download-App Store : https://app.adjust.com/n01yug7  ;Penutup
Semoga sehat selalu/semoga lekas membaik.;Penutup
ruam tidak gatal lemas nyeri otot diare dan berat badan turun apakah diatas ada gejala HIV dok? pernah tidak sengaja menelan cairan vagina non HIV sebelumnya saya punya penyakit lambung;Gejala
ruam tidak gatal lemas nyeri otot diare dan berat badan turun apakah diatas ada gejala HIV dok? pernah tidak sengaja menelan cairan vagina non HIV sebelumnya saya punya penyakit lambung;Penyakit
ruam tidak gatal lemas nyeri otot diare dan berat badan turun apakah diatas ada gejala HIV dok? pernah tidak sengaja menelan cairan vagina non HIV sebelumnya saya punya penyakit lambung;Penyebab
ruam tidak gatal lemas nyeri otot diare dan berat badan turun apakah diatas ada gejala HIV dok? pernah tidak sengaja menelan cairan vagina non HIV sebelumnya saya punya penyakit lambung;Pertanyaan
Halo Bapak;Pembuka
Saya mengerti keluhan yang disampaikan dan kekhawatiran Anda. ;Pembuka
Berikut beberapa artikel yang dapat menjawab pertanyaan Anda :;Referensi
Saat Gejala HIV Ini Muncul, Segeralah Ke Dokter;Artikel
Fase Gejala HIV yang Wajib Anda Tahu;Artikel
Terima kasih sudah berkonsultasi melalui fitur Tanya Dokter. ;Penutup
Jangan ragu untuk kembali berkonsultasi jika masih ada keluhan lainnya, ya. ;Penutup
Bapak dapat juga berkonsultasi melalui Aplikasi KlikDokter kapan pun dan di mana pun dengan men-download aplikasi Klikdokter melakui Play Store/ Android: https://www.klikdokter.com/download-App Store : https://app.adjust.com/n01yug7  ;Penutup
Semoga sehat selalu/semoga lekas membaik.;Penutup
vitamin untuk pasien covid yang isolasi mandiri dirumah;Penyakit
vitamin untuk pasien covid yang isolasi mandiri dirumah;Pertanyaan
Halo Sdri;Pembuka
Saya mengerti keluhan yang disampaikan dan kekhawatiran Anda.  ;Pembuka
Berikut beberapa artikel terkait pertanyaan Anda:;Referensi
Biar Cepat Sembuh, Ini Deretan Vitamin untuk Pasien COVID-19;Artikel
Sebelum Parah, Hadapi Gejala COVID-19 dengan Vitamin C;Artikel
Penelitian: Vitamin C dan Zinc Tidak Bisa Mengurangi Gejala COVID-19;Artikel
Terima kasih sudah berkonsultasi melalui fitur Tanya Dokter. ;Penutup
Jangan ragu untuk kembali berkonsultasi jika masih ada keluhan lainnya, ya.  ;Penutup
Sdri dapat juga berkonsultasi melalui Aplikasi KlikDokter kapan pun dan di mana pun dengan men-download aplikasi Klikdokter melakui Play Store/ Android: https://www.klikdokter.com/download-App Store : https://app.adjust.com/n01yug7  ;Penutup
Semoga sehat selalu/semoga lekas membaik.;Penutup
Izin bertanya, untuk luka yang mulai mengering dari pengidap HIV, apakah luka yang mulai mengering tersebut masih bisa menularkan virusnya?;Penyakit
Izin bertanya, untuk luka yang mulai mengering dari pengidap HIV, apakah luka yang mulai mengering tersebut masih bisa menularkan virusnya?;Pertanyaan
Halo Sdr;Pembuka
Saya mengerti keluhan yang disampaikan dan kekhawatiran Anda.  ;Pembuka
Beberapa cara penularan HIV adalah melalui darah, melalui cairan mani/vagina, dan dari Ibu ke Anak. ;Penyakit
Beberapa cara penularan HIV adalah melalui darah, melalui cairan mani/vagina, dan dari Ibu ke Anak. ;Penyebab
Bila tidak ada kontak dengan darah (misalnya pertemuan luka dengan luka) dan tidak ada pertukaran cairan vagina/mani maka resiko untuk tertularnya HIV tidak ada.;Prakondisi
Bila tidak ada kontak dengan darah (misalnya pertemuan luka dengan luka) dan tidak ada pertukaran cairan vagina/mani maka resiko untuk tertularnya HIV tidak ada.;Penyebab
HIV dapat terdeteksi dengan tes darah dengan cara mendeteksi adanya antibodi HIV di dalam sample darahnya. ;Tindakan
HIV dapat terdeteksi dengan tes darah dengan cara mendeteksi adanya antibodi HIV di dalam sample darahnya. ;Outcome
HIV dapat terdeteksi dengan tes darah dengan cara mendeteksi adanya antibodi HIV di dalam sample darahnya. ;Prakondisi
Tes darah yang dilakukan adalah Tes ELISA dan Western Bolt. ;Tindakan
Tes darah yang dilakukan adalah Tes ELISA dan Western Bolt. ;Objek
Antibodi HIV biasanya dapat dideteksi sekitar 3-8 minggu setelah terinfeksi.;Objek
Antibodi HIV biasanya dapat dideteksi sekitar 3-8 minggu setelah terinfeksi.;Kapan
Baca juga;Referensi
Kenali Berbagai Cara Penularan Infeksi HIV/AIDS dan Pencegahannya ;Artikel
Pasangan Terkena HIV Bagaimana Caranya agar Tak Ikut Tertular?;Artikel
HIV dan AIDS, Kenali Bedanya;Artikel
Terima kasih sudah berkonsultasi melalui fitur Tanya Dokter. ;Penutup
Jangan ragu untuk kembali berkonsultasi jika masih ada keluhan lainnya, ya.  ;Penutup
Sdr dapat juga berkonsultasi melalui Aplikasi KlikDokter kapan pun dan di mana pun dengan men-download aplikasi Klikdokter melakui Play Store/ Android: https://www.klikdokter.com/download-App Store : https://app.adjust.com/n01yug7  ;Penutup
Semoga sehat selalu/semoga lekas membaik.;Penutup
halo dok saya mau bertanya. Salah satu anggota keluarga saya baru dinyatakan positive covid dan dirujuk ke wisma atlit. Apakah setelah 14 hari dirawat disana dan dinyatakan sudah negative dan boleh pulang ke rumah perlu melakukan isolasi mandiri lagi?;Pasien
halo dok saya mau bertanya. Salah satu anggota keluarga saya baru dinyatakan positive covid dan dirujuk ke wisma atlit. Apakah setelah 14 hari dirawat disana dan dinyatakan sudah negative dan boleh pulang ke rumah perlu melakukan isolasi mandiri lagi?;Penyakit
halo dok saya mau bertanya. Salah satu anggota keluarga saya baru dinyatakan positive covid dan dirujuk ke wisma atlit. Apakah setelah 14 hari dirawat disana dan dinyatakan sudah negative dan boleh pulang ke rumah perlu melakukan isolasi mandiri lagi?;Kapan
halo dok saya mau bertanya. Salah satu anggota keluarga saya baru dinyatakan positive covid dan dirujuk ke wisma atlit. Apakah setelah 14 hari dirawat disana dan dinyatakan sudah negative dan boleh pulang ke rumah perlu melakukan isolasi mandiri lagi?;Pertanyaan
Halo Sdr;Pembuka
Saya mengerti keluhan yang disampaikan dan kekhawatiran Anda.    ;Pembuka
Dari keterangan yang Anda berikan, ada baiknya tetap dilakukan isolasi mandiri dengan tujuan memastikan tidak ada gejala dan agar pemulihan maksimal terjadi. ;Tindakan
Dari keterangan yang Anda berikan, ada baiknya tetap dilakukan isolasi mandiri dengan tujuan memastikan tidak ada gejala dan agar pemulihan maksimal terjadi. ;Outcome
Terima kasih sudah berkonsultasi melalui fitur Tanya Dokter. ;Penutup
Jangan ragu untuk kembali berkonsultasi jika masih ada keluhan lainnya, ya.  ;Penutup
Sdr dapat juga berkonsultasi melalui Aplikasi KlikDokter kapan pun dan di mana pun dengan men-download aplikasi Klikdokter melakui Play Store/ Android: https://www.klikdokter.com/download-App Store : https://app.adjust.com/n01yug7  ;Penutup
Semoga sehat selalu/semoga lekas membaik.;Penutup
Apakah saya sudah sembuh covid;Pasien
Apakah saya sudah sembuh covid;Penyakit
Apakah saya sudah sembuh covid;Pertanyaan
Halo Sdri;Pembuka
Saya mengerti keluhan dan kekhawatiran yang Anda rasakan;Pembuka
Kriteria sembuh dari covid harus selesai melakukan isolasi mandiri ditambah dengan keputusan klinis dari dokter.;Outcome
Kriteria sembuh dari covid harus selesai melakukan isolasi mandiri ditambah dengan keputusan klinis dari dokter.;Prakondisi
Anda bisa dikatan lepas isolasi mandiri, jika: - Tanpa gejala/gejala ringan/sedang: Isolasi mandiri minimal 10 hari + 3 hari bebas gejala - Gejala berat/kritis: Isolasi minimal 10 hari + 3 hari bebas gejala + swab PCR 1x negative;Outcome
Anda bisa dikatan lepas isolasi mandiri, jika: - Tanpa gejala/gejala ringan/sedang: Isolasi mandiri minimal 10 hari + 3 hari bebas gejala - Gejala berat/kritis: Isolasi minimal 10 hari + 3 hari bebas gejala + swab PCR 1x negative;Prakondisi
Jika Anda telah menyelesaikan masa isolasi mandiri dan sudah bebas gejala, sebaiknya Anda melakukan pemeriksaan ke dokter spesialis penyakit dalam atau spesialis paru untuk dilakukan evaluasi secara lengkap.;Tindakan
Terima kasih sudah berkonsultasi di fitur Tanya Dokter. ;Penutup
Jangan ragu untuk kembali berkonsultasi jika masih ada keluhan lainnya, ya. ;Penutup
Anda dapat juga berkonsultasi melalui Aplikasi Klikdokter kapan pun dan di mana pun. ;Penutup
Semoga Anda sehat selalu.;Penutup
Siang dok, minggu kemarin sy telah menjalani tes HIV dan berikut hasil tes HIV sy menunjukkan hasil sbb: Metode I (Anti HIV) Reaktif : Indeks 1,46 (metode CMIA) Metode II (Anti HIV) Non Reaktif (metode IMMUNOCHROMATOGRAPHY) Metode III (Anti HIV) Reaktif Indeks 3,94 (metode ECLIA) mohon dijelaskan apakah sy sdh terinveksi HIV mengingat sy saat ini sedang hamil;Pasien
Siang dok, minggu kemarin sy telah menjalani tes HIV dan berikut hasil tes HIV sy menunjukkan hasil sbb: Metode I (Anti HIV) Reaktif : Indeks 1,46 (metode CMIA) Metode II (Anti HIV) Non Reaktif (metode IMMUNOCHROMATOGRAPHY) Metode III (Anti HIV) Reaktif Indeks 3,94 (metode ECLIA) mohon dijelaskan apakah sy sdh terinveksi HIV mengingat sy saat ini sedang hamil;Observasi
Siang dok, minggu kemarin sy telah menjalani tes HIV dan berikut hasil tes HIV sy menunjukkan hasil sbb: Metode I (Anti HIV) Reaktif : Indeks 1,46 (metode CMIA) Metode II (Anti HIV) Non Reaktif (metode IMMUNOCHROMATOGRAPHY) Metode III (Anti HIV) Reaktif Indeks 3,94 (metode ECLIA) mohon dijelaskan apakah sy sdh terinveksi HIV mengingat sy saat ini sedang hamil;Tindakan
Siang dok, minggu kemarin sy telah menjalani tes HIV dan berikut hasil tes HIV sy menunjukkan hasil sbb: Metode I (Anti HIV) Reaktif : Indeks 1,46 (metode CMIA) Metode II (Anti HIV) Non Reaktif (metode IMMUNOCHROMATOGRAPHY) Metode III (Anti HIV) Reaktif Indeks 3,94 (metode ECLIA) mohon dijelaskan apakah sy sdh terinveksi HIV mengingat sy saat ini sedang hamil;Pertanyaan
Halo Sdri, ;Pembuka
Saya mengerti keluhan dan kekhawatiran yang Anda rasakan.;Pembuka
Untuk mengetahui apakah seseorang telah terinfeksi HIV, dapat dilakukan beberapa pemeriksaan laboratorium. ;Penyakit
Untuk mengetahui apakah seseorang telah terinfeksi HIV, dapat dilakukan beberapa pemeriksaan laboratorium. ;Tindakan
Pemeriksaan yang saat ini sering digunakan adalah tes antibodi, tes ini mudah dilaksanakan dan biayanya murah. ;Tindakan
Bila pada tes antibodi ditemukan hasil yang positif, maka pemeriksaan harus diulang dan bila masih positif dilakukan tes konfirmasi dengan tes Western Blot. ;Tindakan
Bila pada tes antibodi ditemukan hasil yang positif, maka pemeriksaan harus diulang dan bila masih positif dilakukan tes konfirmasi dengan tes Western Blot. ;Prakondisi
Apakah sudah dilakukan pemeriksaan western blot untuk konfirmasi kepastian diagnosis HIV?;Pertanyaan
Apakah sudah dilakukan pemeriksaan western blot untuk konfirmasi kepastian diagnosis HIV?;Outcome
Bila Western Blot tidak tersedia, maka hasil dinyatakan positif bila tes antibodi menunjukkan tiga kali hasil yang positif. ;Outcome
Bila Western Blot tidak tersedia, maka hasil dinyatakan positif bila tes antibodi menunjukkan tiga kali hasil yang positif. ;Tindakan
Sebaliknya, hasil yang negatif dapat berarti seseorang tidak terinfeksi HIV atau masih berada dalam periode jendela.;Outcome
Untuk itu, kami sarankan Anda kembali berkonsultasi dengan dokter Anda dan melakukan pemeriksaan lanjutan untuk memastikan hasil skrining awal.;Tindakan
Untuk itu, kami sarankan Anda kembali berkonsultasi dengan dokter Anda dan melakukan pemeriksaan lanjutan untuk memastikan hasil skrining awal.;Outcome
Baca Juga;Referensi
Siapa Saja yang Harus Melakukan Tes HIV?;Artikel
Saat Gejala HIV Ini Muncul, Segeralah Ke Dokter;Artikel
Bisakah Ibu Pengidap HIV/AIDS Melahirkan Normal?;Artikel
Terima kasih sudah berkonsultasi di fitur Tanya Dokter. ;Penutup
Jangan ragu untuk kembali berkonsultasi jika masih ada keluhan lainnya, ya. ;Penutup
Anda dapat juga berkonsultasi melalui Aplikasi Klikdokter kapan pun dan di mana pun;Penutup
Semoga Anda sehat selalu.;Penutup
dok, saya pasien (OTG) apa yang harus saya lakukan agar bisa sembuh dari COVID19? apa pemakaian kamar mandi bersama bisa memicu penyebaran?;Pertanyaan
dok, saya pasien (OTG) apa yang harus saya lakukan agar bisa sembuh dari COVID19? apa pemakaian kamar mandi bersama bisa memicu penyebaran?;Outcome
dok, saya pasien (OTG) apa yang harus saya lakukan agar bisa sembuh dari COVID19? apa pemakaian kamar mandi bersama bisa memicu penyebaran?;Pasien
Halo Sdri, ;Pembuka
Saya mengerti keluhan dan kekhawatiran yang Anda rasakan.;Pembuka
OTG (orang tanpa gejala) adalah istilah yang digunakan pada orang yang terinfeksi virus corona tapi tidak menunjukkan gejala sama sekali. ;Informasi
OTG (orang tanpa gejala) adalah istilah yang digunakan pada orang yang terinfeksi virus corona tapi tidak menunjukkan gejala sama sekali. ;Objek
Ini menandakan bahwa OTG tidak memiliki ciri-ciri khusus sama sekali, hanya pemeriksaan PCR saja yang menunjukkan hasil positif.;Tindakan
Jika Anda terkonfirmasi covid dan menjadi OTG, sebaiknya Anda melakukan isolasi mandiri secara ketat agar tidak menularkan ke orang lain, terutama orang satu rumah Anda;Outcome
Jika Anda terkonfirmasi covid dan menjadi OTG, sebaiknya Anda melakukan isolasi mandiri secara ketat agar tidak menularkan ke orang lain, terutama orang satu rumah Anda;Tindakan
Pastikan Anda selalu jaga jarak dan menggunakan masker;Tindakan
Lalu, konsumsilah makanan yang bernutrisi, istirahat cukup, banyak minum, dan jangan lupa untuk berjemur setiap pagi. ;Tindakan
Anda juga dapat mengonsumsi vitamin C, D, dan zink untuk membantu mempertahankan sistem imun Anda.;Outcome
Anda juga dapat mengonsumsi vitamin C, D, dan zink untuk membantu mempertahankan sistem imun Anda.;Tindakan
Baca Juga;Referensi
Lipsus: Perjuangan Tenaga Medis, dari Takut Jadi OTG sampai Stigma Negatif;Artikel
Kemenkes RI Tak Lagi Pakai Istilah PDP, OTG, dan ODP COVID-19, Mengapa?;Artikel
Bolehkah ODP, OTG, dan PDP Virus Corona Berpuasa Ramadan?;Artikel
Terima kasih sudah berkonsultasi di fitur Tanya Dokter. ;Penutup
Jangan ragu untuk kembali berkonsultasi jika masih ada keluhan lainnya, ya. ;Penutup
Anda dapat juga berkonsultasi melalui Aplikasi Klikdokter kapan pun dan di mana pun;Penutup
Semoga Anda sehat selalu.;Penutup
Saya sedang pilek, mengeluarkan dahak dan lendir berwarna hijau, dan sesekali batuk di sertai dahak yang kental dan dada saya sesekali sesak, saya ingin tes corona , menurut dokter saya harus rapid tes anti gen atau rapid tes biasa ;Pasien
Saya sedang pilek, mengeluarkan dahak dan lendir berwarna hijau, dan sesekali batuk di sertai dahak yang kental dan dada saya sesekali sesak, saya ingin tes corona , menurut dokter saya harus rapid tes anti gen atau rapid tes biasa ;Gejala
Saya sedang pilek, mengeluarkan dahak dan lendir berwarna hijau, dan sesekali batuk di sertai dahak yang kental dan dada saya sesekali sesak, saya ingin tes corona , menurut dokter saya harus rapid tes anti gen atau rapid tes biasa ;Tindakan
Saya sedang pilek, mengeluarkan dahak dan lendir berwarna hijau, dan sesekali batuk di sertai dahak yang kental dan dada saya sesekali sesak, saya ingin tes corona , menurut dokter saya harus rapid tes anti gen atau rapid tes biasa ;Pertanyaan
Terima kasih telah bertanya seputar tes covid-19 melalui fitur Tanya Dokter.;Pembuka
Rapid tes antibodi merupakan alat screening untuk mendeteksi ada tidaknya antibodi yang terbentuk di dalam tubuh terhadap virus. ;Outcome
Rapid tes antibodi merupakan alat screening untuk mendeteksi ada tidaknya antibodi yang terbentuk di dalam tubuh terhadap virus. ;Tindakan
Tes ini menggunakan sampel darah dan hasilnya pun dapat cepat terlihat.;Objek
Tes ini menggunakan sampel darah dan hasilnya pun dapat cepat terlihat.;Tindakan
Tapi, yang perlu diketahui, rapid tes antibodi bukanlah alat untuk mendiagnosis suatu penyakit, melainkan hanya untuk screening awal.;Tindakan
Sedangkan Rapid Test antigen adalah pemeriksaan dengan mendeteksi ada tidaknya virus corona di dalam tubuh menggunakan spesimen lendir dari hidung atau tenggorokan. ;Objek
Sedangkan Rapid Test antigen adalah pemeriksaan dengan mendeteksi ada tidaknya virus corona di dalam tubuh menggunakan spesimen lendir dari hidung atau tenggorokan. ;Tindakan
Sedangkan Rapid Test antigen adalah pemeriksaan dengan mendeteksi ada tidaknya virus corona di dalam tubuh menggunakan spesimen lendir dari hidung atau tenggorokan. ;Outcome
Rapid test ini dibuat khusus untuk mendeteksi virus corona, jadi kalau sedang flu atau demam hasil tes seharusnya tidak reaktif. ;Outcome
Rapid test ini dibuat khusus untuk mendeteksi virus corona, jadi kalau sedang flu atau demam hasil tes seharusnya tidak reaktif. ;Tindakan
Sedangkan tes swab yang dilakukan pada tenggorokan dan hidung merupakan tes yang digunakan untuk mendiagnosis infeksi virus corona pada seseorang. ;Tindakan
Sedangkan tes swab yang dilakukan pada tenggorokan dan hidung merupakan tes yang digunakan untuk mendiagnosis infeksi virus corona pada seseorang. ;Outcome
Sebenarnya untuk gold standard atau bahan diagnosa covid-19 yang terbaik adalah menggunakan swab PCR, beserta pemeriksaan fisik ataupun penunjang lain yang dilakukan oleh dokter.;Informasi
Sebenarnya untuk gold standard atau bahan diagnosa covid-19 yang terbaik adalah menggunakan swab PCR, beserta pemeriksaan fisik ataupun penunjang lain yang dilakukan oleh dokter.;Objek
Saran saya, sebaiknya segera periksakan keadaan medis Anda dengan dokter terdekat, sehingga dokter tersebut bisa melanjutkan pemeriksaan lainnya terkait kondisi Anda;Tindakan
Berikut kami sertakan artikel lain sebagai bahan bacaan lain Anda.;Referensi
Baca Juga;Referensi
WHO Akhirnya Akui Ada Bukti Penularan Virus Corona Lewat Udara;Artikel
Mengenal Metode Tes Virus Corona dengan Rapid Antigen;Artikel
Terima kasih, semoga bermanfaat.;Penutup
Malam dok perkenalkan nama saya gibran saya mau tanya sudah seminggu ini saya mengalami gondongan di dekat kerongkongan bagaimana cara mengobatinya dok terus obat apa saja yang direkomendasikan yang aman untuk diminum. ;Pasien
Malam dok perkenalkan nama saya gibran saya mau tanya sudah seminggu ini saya mengalami gondongan di dekat kerongkongan bagaimana cara mengobatinya dok terus obat apa saja yang direkomendasikan yang aman untuk diminum. ;Penyakit
Malam dok perkenalkan nama saya gibran saya mau tanya sudah seminggu ini saya mengalami gondongan di dekat kerongkongan bagaimana cara mengobatinya dok terus obat apa saja yang direkomendasikan yang aman untuk diminum. ;Periode
Malam dok perkenalkan nama saya gibran saya mau tanya sudah seminggu ini saya mengalami gondongan di dekat kerongkongan bagaimana cara mengobatinya dok terus obat apa saja yang direkomendasikan yang aman untuk diminum. ;Pertanyaan
Gejala yang selama ini saya alami Panas naik turun, Meriang, pusing yang berlebihan , terkadang batuk terkadang tidak. Sekian Terimakasih;Gejala
Halo Sdr;Pembuka
Saya mengerti keluhan yang disampaikan dan kekhawatiran Anda;Pembuka
Namun, apakah benar Anda gondongan? Untuk memastikannya sebaiknya periksakan diri terlebih dahulu langsung ke dokter.     ;Tindakan
Gondongan merupakan infeksi kelenjar ludah (parotis) yang disebabkan oleh virus;Penyakit
Gondongan merupakan infeksi kelenjar ludah (parotis) yang disebabkan oleh virus;Penyebab
Penyakit ini mudah menular dari satu orang ke yang lain melalui ludah, lendir hidung atau saat berciuman.;Outcome
Penyakit ini mudah menular dari satu orang ke yang lain melalui ludah, lendir hidung atau saat berciuman.;Penyebab
Gejalanya biasanya muncul 2 minggu setelah terpapar virus.;Periode
Gejalanya biasanya muncul 2 minggu setelah terpapar virus.;Prakondisi
Gejala-gejala awal berupa rasa lelah/lemas seluruh tubuh, nyeri/ngilu-ngilu sendi dan otot, sakit kepala, hilang nafsu makan, demam ringan. ;Gejala
Beberapa hari berikutnya, demam bisa tinggi lebih dari 38,5 derajat. ;Periode
Kelenjar ludah yang terletak di pipi dekat telinga dapat membengkak dan nyeri.;Objek
Pengobatan gondongan hanyalah untuk mengurangi rasa tidak nyaman akibat gejala yang timbul. ;Tindakan
Pengobatan gondongan hanyalah untuk mengurangi rasa tidak nyaman akibat gejala yang timbul. ;Outcome
Karena ini disebabkan oleh virus, infeksinya akan menghilang dengan sendirinya. ;Penyebab
Berikut yang dapat Anda lakukan saat mengalami gondongan: Usahakan cukup istirahat atau segera beristirahat ketika lelah.Gunakan obat seperti parasetamol atau ibuprofen untuk menurunkan demam dan mengurangi nyeri.Kompres dingin kelenjar yang membengkak.Banyak minum agar tidak dehidrasi dan demam cepat turun.Konsumsi makanan lunak seperti sup, yogurt, atau jus yang tidak sulit dikunyah. Ketika kelenjar membengkak, mengunyah akan menimbulkan nyeri.Hindari makanan dan minuman yang asam karena dapat menambah nyeri.;Referensi
Terima kasih sudah berkonsultasi melalui fitur Tanya Dokter. ;Penutup
Jangan ragu untuk kembali berkonsultasi jika masih ada keluhan lainnya, ya.  ;Penutup
Sdr dapat juga berkonsultasi melalui Aplikasi KlikDokter kapan pun dan di mana pun dengan men-download aplikasi Klikdokter melakui Play Store/ Android: https://www.klikdokter.com/download-App Store : https://app.adjust.com/n01yug7  ;Penutup
Semoga sehat selalu/semoga lekas membaik.;Penutup
Dok saya pernah sakit hepatitis a. Apakah bisa kambuh dok? Karena hari ini bagian belakang saya sebelah kanan seperti linu² dok. Dan dulu pas saya sakit hepatitis itu salah satu yang saya rasakan dok. Mohon jawabannya dok;Pasien
Dok saya pernah sakit hepatitis a. Apakah bisa kambuh dok? Karena hari ini bagian belakang saya sebelah kanan seperti linu² dok. Dan dulu pas saya sakit hepatitis itu salah satu yang saya rasakan dok. Mohon jawabannya dok;Penyakit
Dok saya pernah sakit hepatitis a. Apakah bisa kambuh dok? Karena hari ini bagian belakang saya sebelah kanan seperti linu² dok. Dan dulu pas saya sakit hepatitis itu salah satu yang saya rasakan dok. Mohon jawabannya dok;Gejala
Dok saya pernah sakit hepatitis a. Apakah bisa kambuh dok? Karena hari ini bagian belakang saya sebelah kanan seperti linu² dok. Dan dulu pas saya sakit hepatitis itu salah satu yang saya rasakan dok. Mohon jawabannya dok;Pertanyaan
Terimakasih telah bertanya seputar hepatitis A melalui fitur Tanya Dokter;Pertanyaan
Hepatitis A merupakan salah satu jenis hepatitis akut yang disebabkan oleh kontaminasi makanan. ;Penyebab
Hepatitis A merupakan salah satu jenis hepatitis akut yang disebabkan oleh kontaminasi makanan. ;Penyakit
Jenis hepatitis ini jarang sekali menjadi kronik sehingga bila Anda sudah sembuh kemungkinan tidak akan mengalaminya kembali, kecuali tertular dari makanan yang terkontaminasi kuman hepatitis A.;Penyebab
Cara untuk mencegahnya tentu dengan menjaga kebersihan pribadi serta menghindari jajanan yang kurang bersih/kotor.;Tindakan
Demikian informasi yang dapat kami sampaikan. Semoga bermanfaat;Penutup
saya mau bertanya, faktor apa yang bisa menentukan sesorang terkena penyakit liver ?;Pasien
saya mau bertanya, faktor apa yang bisa menentukan sesorang terkena penyakit liver ?;Pertanyaan
Terima kasih telah bertanya mengenai penyakit liver melalui fitur Tanya Dokter di KlikDokter.  ;Pembuka
Perlu Anda ketahui bahwa penyakit liver merupakan istilah awam yang menyatakan terdapatnya gangguan di hati. ;Penyakit
Gangguan di hati dapat berupa berbagai jenis penyakit seperti hepatitis (infeksi), hepatoma (kanker hati), gangguan hati karena kolesterol, gangguan hati karena alkohol, sirosis (pengerasan hati), dan banyak lagi. ;Penyakit
Yang paling banyak diderita saat ini adalah hepatitis. ;Penyakit
Hepatitis adalah penyakit gangguan fungsi hati yang disebabkan karena virus Hepatitis;Penyakit
Hepatitis adalah penyakit gangguan fungsi hati yang disebabkan karena virus Hepatitis;Penyebab
Terdapat lima jenis hepatitis yang disebabkan oleh virus, diantaranya adalah Hepatitis A, B, C, D dan E.  ;Penyakit
Terdapat lima jenis hepatitis yang disebabkan oleh virus, diantaranya adalah Hepatitis A, B, C, D dan E.  ;Penyebab
Berikut sekilas kami jelaskan penyebab dari masing-masing dari kelima tipe hepatitis tersebut:;Referensi
Hepatitis A penularannya terjadi apabila seseorang menaruh atau memakan sesuatu yang terkontaminasi oleh tinja pasien hepatitis A, karena virus hepatitis A terdapat didalam tinja penderita. ;Penyakit
Hepatitis A penularannya terjadi apabila seseorang menaruh atau memakan sesuatu yang terkontaminasi oleh tinja pasien hepatitis A, karena virus hepatitis A terdapat didalam tinja penderita. ;Penyebab
Hepatitis A termasuk kedalam hepatitis akut, karena sebagian besar penderita hepatitis A akan sembuh total dan tidak berkembang menjadi hepatitis kronik.;Penyakit
"Hepatitis B penularannya melalui darah dan cairan tubuh yang terinfeksi, hal ini dapat terjadi pada keadaan;Kontak langsung darah dengan darah yang telah terkontaminasi virus penyebab hepatitis.Hubungan seksual yang tidak aman, yakni kontak seksual tanpa kontrasepsi kondom sehingga terdapat pertukaran cairan tubuh.Penggunaan jarum suntik yang tidak steril, dan bahkan tertusuk jarum suntik yang terinfeksi secara tidak sengaja sekalipun.Menggunakan jarum yang terkontaminasi masuk ke tubuh, contohnya seperti jarum yang digunakan untuk membuat tato, akupuntur, tindik dan lainnya.Pada saat kehamilan – penularan dari ibu-janin pada proses melahirkanPenggunaan pisau cukur bersamaTranfusi darah";Penyakit
"Hepatitis B penularannya melalui darah dan cairan tubuh yang terinfeksi, hal ini dapat terjadi pada keadaan;Kontak langsung darah dengan darah yang telah terkontaminasi virus penyebab hepatitis.Hubungan seksual yang tidak aman, yakni kontak seksual tanpa kontrasepsi kondom sehingga terdapat pertukaran cairan tubuh.Penggunaan jarum suntik yang tidak steril, dan bahkan tertusuk jarum suntik yang terinfeksi secara tidak sengaja sekalipun.Menggunakan jarum yang terkontaminasi masuk ke tubuh, contohnya seperti jarum yang digunakan untuk membuat tato, akupuntur, tindik dan lainnya.Pada saat kehamilan – penularan dari ibu-janin pada proses melahirkanPenggunaan pisau cukur bersamaTranfusi darah";Penyebab
Hepatitis C. Virus hepatitis C menyebar melalui kontak darah-ke-darah dari darah orang yang terinfeksi. ;Penyakit
Hepatitis C. Virus hepatitis C menyebar melalui kontak darah-ke-darah dari darah orang yang terinfeksi. ;Penyebab
Hepatitis C dapat berkembang menjadi hepatitis kronis yang berisiko terkena sirosis dan jika tidak segera ditangani akan berakibat kanker hati.;Penyakit
Hepatitis D. Seseorang akan terinfeksi hepatitis D hanya jika sebelumnya sudah pernah terinfeksi hepatitis B.;Penyebab
Hepatitis D. Seseorang akan terinfeksi hepatitis D hanya jika sebelumnya sudah pernah terinfeksi hepatitis B.;Penyakit
Hepatitis E. Seseorang akan terinfeksi hepatitis E jika minum air yang terkontaminasi virus hepatitis E. ;Penyebab
Hepatitis E. Seseorang akan terinfeksi hepatitis E jika minum air yang terkontaminasi virus hepatitis E. ;Penyakit
Gejala dapat bermacam-macam tergantung jenis gangguan hati yang dialami. Gejala hepatitis pada umumnya adalah: Perut begah Mata kuning Mual/muntah badan lemas/cepat Lelah nyeri di daerah ulu hati Perubahan pada buang air besar (BAB) atau buang air kecil (BAK) ;Gejala
Berikut beberapa bacaan yang dapat menambah pengetahuan Anda.;Referensi
Mengenal Penyakit Liver yang Renggut Jiwa Faldy Albar;Artikel
Waspada, Obesitas Bisa Picu Penyakit Liver;Artikel
Sakit Hati karena Kebanyakan Makan & Minum Bir;Artikel
Kenali Jenis Makanan yang Buruk untuk Hati Anda;Artikel
Demikianlah jawaban yang dapat kami berikan seputar penyakit liver. Semoga bermanfaat. Salam sehat.;Penutup
Haloo dok saya mau anya jika hasil hbsag reaktif dan nilai rujukannya non reaktif itu berarti apa ya dok.terimakasih;Pasien
Haloo dok saya mau anya jika hasil hbsag reaktif dan nilai rujukannya non reaktif itu berarti apa ya dok.terimakasih;Pertanyaan
 Terima kasih telah bertanya di fitur Tanya dokter Klikdokter.com;Pembuka
Kami mengerti kekhawatiran Anda;Pembuka
HBsAg merupakan bagian dari permukaan virus.;Objek
Bila HBsAg negatif dan antibodi muncul (anti-HBs), maka dianggap sembuh. ;Outcome
Bila HBsAg negatif dan antibodi muncul (anti-HBs), maka dianggap sembuh. ;Prakondisi
Dalam masa penyembuhan hepatitis B akut, saat kadar HBeAg (antigen HBe virus) menurun dan menjadi tak terdeteksi, anti-HBe muncul pada darah. ;Outcome
Dalam masa penyembuhan hepatitis B akut, saat kadar HBeAg (antigen HBe virus) menurun dan menjadi tak terdeteksi, anti-HBe muncul pada darah. ;Prakondisi
Anti-HBe merupakan antibodi tubuh untuk melawan antigen HBe virus, umumnya tetap terdeteksi selama beberapa tahun setelah fase penyembuhan infeksi akut.;Objek
Pada karier HBV dan pasien hepatitis B kronik, HBeAg positif umumnya menandakan adanya replikasi aktif virus dan potensi penularan yang tinggi. ;Pasien
Sementara HBeAg negatif menandakan replikasi virus yang sangat minimal atau awal infeksi akut sebelum puncak replikasi virus. ;Outcome
Sementara HBeAg negatif menandakan replikasi virus yang sangat minimal atau awal infeksi akut sebelum puncak replikasi virus. ;Prakondisi
Anti-HBe positif umumnya menandakan hepatitis B kronik, penyembuhan dari infeksi akut, menandakan virus inaktif dan potensi penularan virus sangat rendah. ;Outcome
Anti-HBe positif umumnya menandakan hepatitis B kronik, penyembuhan dari infeksi akut, menandakan virus inaktif dan potensi penularan virus sangat rendah. ;Prakondisi
Sementara anti-HBe positif disertai terdeteksinya HBV DNA dalam darah menandakan replikasi aktif virus di dalam tubuh pasien. ;Outcome
Sementara anti-HBe positif disertai terdeteksinya HBV DNA dalam darah menandakan replikasi aktif virus di dalam tubuh pasien. ;Prakondisi
Sebagai rangkuman, apabila hasil yang didapat seperti ini :HBeAg reaktif/positif dan anti HBe non reaktif/negatif artinya Hepatitis B masih infeksius HBeAg non reaktif/negatif dan anti HBe reaktif/positif artinya menderita Hepatitis B tapi potensi penularan virus sangat rendah, disebut dengan Hepatitis B carrier;Referensi
"Virus hepatitis B menular melalui darah dan cairan tubuh yang terinfeksi, hal ini dapat terjadi pada keadaan; Kontak langsung darah dengan darahHubungan seksual yang tidak aman Penggunaan jarum suntik tidak steril Tertusuk jarum suntik yang terinfeksi jarum yang terkontaminasi yang digunakan untuk membuat tatto, akupuntur, body piercing Pada saat kehamilan, penularan dari ibu-janin pada proses melahirkan Penggunaan pisau cukur bersama Tranfusi darah Virus juga dapat ditemukan di cairan tubuh penderita (air liur, air seni), meski cara penularan yang terakhir ini jarang terjadi.";Penyebab
"Virus hepatitis B menular melalui darah dan cairan tubuh yang terinfeksi, hal ini dapat terjadi pada keadaan; Kontak langsung darah dengan darahHubungan seksual yang tidak aman Penggunaan jarum suntik tidak steril Tertusuk jarum suntik yang terinfeksi jarum yang terkontaminasi yang digunakan untuk membuat tatto, akupuntur, body piercing Pada saat kehamilan, penularan dari ibu-janin pada proses melahirkan Penggunaan pisau cukur bersama Tranfusi darah Virus juga dapat ditemukan di cairan tubuh penderita (air liur, air seni), meski cara penularan yang terakhir ini jarang terjadi.";Objek
Namun untuk mengetahui status penyakit dan kesembuhan Anda yang lebih tepat, sebaiknya Anda berdiskusi langsung dengan dokter spesialis penyakit dalam yang menangani.;Tindakan
Demikian penjelasan yang dapat kami sampaikan seputar HbsAg Reaktif. Semoga bermanfaat.;Penutup
Maaf dok mau tanya Bapak saya penderita Hepatitis B sering mengeluh sakit di perut bagian kanan bagaimana cara mengatasinya dok Terima kasih;Pertanyaan
Maaf dok mau tanya Bapak saya penderita Hepatitis B sering mengeluh sakit di perut bagian kanan bagaimana cara mengatasinya dok Terima kasih;Gejala
Maaf dok mau tanya Bapak saya penderita Hepatitis B sering mengeluh sakit di perut bagian kanan bagaimana cara mengatasinya dok Terima kasih;Penutup
Terima kasih telah bertanya di Fitur Tanya Dokter Klikdokter.com;Pembuka
Kami mengerti kekhawatiran Anda. ;Pembuka
Nyeri perut yang dialami Bapak Anda kemungkinan disebabkan oleh penyakit hepatitis yang diderita. ;Penyakit
Nyeri perut yang dialami Bapak Anda kemungkinan disebabkan oleh penyakit hepatitis yang diderita. ;Gejala
Gejala hepatitis B yang umumnya muncul adalah nyeri perut, terutama di bagian kanan atas. ;Gejala
Selain itu, penderita akan merasa mual, muntah, tidak nafsu makan, lemas dan mudah lelah, demam, nyeri sendi, kuning pada kulit dan sklera mata, serta air seni berwarna gelap. ;Gejala
Virus ini dapat ditularkan melalui cairan tubuh, seperti darah, mani, cairan vagina, dan air liur.;Penyebab
Untuk kasus hepatitis B yang kronis akan terus berlangsung hingga lebih dari enam bulan, bahkan seumur hidup. ;Periode
Untuk kasus hepatitis B yang kronis akan terus berlangsung hingga lebih dari enam bulan, bahkan seumur hidup. ;Penyakit
Penyakit hepatitis B yang kronis tersebut dapat meningkatkan risiko terjadinya pengerasan hati (sirosis), bahkan kanker hati.;Penyakit
Sebaiknya Bapak Anda berkonsultasi ke dokter spesialis penyakit dalam sehingga dapat dilakukan pemeriksaan dan penanganan dengan tepat. ;Tindakan
Demikian informasi ini kami sampaikan, semoga bermanfaat. Salam;Penutup
halo dok, hari ini saya melakukan tes darah dan menunjukan hasil positif HBsAg re-aktif, tetapi saya ingin melakukan tes ulang, kapan sebaiknya tes ulang tersebut saya lakukan, terimaksih :);Pasien
halo dok, hari ini saya melakukan tes darah dan menunjukan hasil positif HBsAg re-aktif, tetapi saya ingin melakukan tes ulang, kapan sebaiknya tes ulang tersebut saya lakukan, terimaksih :);Penyakit
Terima kasih telah menggunakan layanan e-konsultasi KlikDokter.;Pembuka
Kami mengerti kekhawatiran yang Anda rasakan saat ini;Pembuka
Jika HbsAg dinyatakan reaktif, maka saat ini Anda sedang terinfeksi oleh hepatitis B. ;Penyebab
Jika HbsAg dinyatakan reaktif, maka saat ini Anda sedang terinfeksi oleh hepatitis B. ;Penyakit
Namun untuk mengetahui virus sedang aktif atau tidak ada beberapa pemeriksaan lain seperti HbeAg ataupun HBV DNA serta pemeriksaan enzim hati seperti SGOT dan SGPT.;Tindakan
Untuk mengetahui status penyakit hepatitis B pada Anda maka sebaiknya Anda memeriksakan diri ke dokter spesialis penyakit dalam untuk evaluasi dan penanganan lebih lanjut. ;Tindakan
Sekilas izinkan kami menjelaskan mengenai penyakit Hepatitis B.;Referensi
Hepatitis (radang pada hati) B adalah penyakit yang disebabkan oleh virus hepatitis B (VHB), yang dapat menyebabkan peradangan hati akut atau menahun yang pada sebagian kecil kasus dapat berlanjut menjadi sirosi hati atau kanker hati. ;Penyakit
Hepatitis (radang pada hati) B adalah penyakit yang disebabkan oleh virus hepatitis B (VHB), yang dapat menyebabkan peradangan hati akut atau menahun yang pada sebagian kecil kasus dapat berlanjut menjadi sirosi hati atau kanker hati. ;Penyebab
"Virus hepatitis B menular melalui darah dan cairan tubuh yang terinfeksi, hal ini dapat terjadi pada keadaan; Kontak langsung darah dengan darah Hubungan seksual yang tidak aman Penggunaan jarum suntik tidak steril Tertusuk jarum suntik yang terinfeksiJarum yang terkontaminasi yang digunakan untuk membuat tatto, akupuntur, body piercing Pada saat kehamilan, penularan dari ibu-janin pada proses melahirkan Penggunaan pisau cukur Bersama Tranfusi darah";Objek
"Virus hepatitis B menular melalui darah dan cairan tubuh yang terinfeksi, hal ini dapat terjadi pada keadaan; Kontak langsung darah dengan darah Hubungan seksual yang tidak aman Penggunaan jarum suntik tidak steril Tertusuk jarum suntik yang terinfeksiJarum yang terkontaminasi yang digunakan untuk membuat tatto, akupuntur, body piercing Pada saat kehamilan, penularan dari ibu-janin pada proses melahirkan Penggunaan pisau cukur Bersama Tranfusi darah";Penyebab
Kebanyakan hepatitis B carriers tidak merasa ataupun terlihat sakit, tetapi mereka dapat mentransmisikan virus tersebut dan membuat orang lain menderita hepatitis B;Penyakit
Bagaimanapun, carriers memiliki risiko lebih tinggi untuk menderita kerusakan hati yang progresif akibat reaktivasi spontan hepatitis B berulang, sehingga memerlukan pengawasan dokter secara rutin.;Penyebab
Bagaimanapun, carriers memiliki risiko lebih tinggi untuk menderita kerusakan hati yang progresif akibat reaktivasi spontan hepatitis B berulang, sehingga memerlukan pengawasan dokter secara rutin.;Outcome
Pada 5-10% orang dewasa yang terinfeksi hepatitis B akan 'membawa' atau menyimpan virus tersebut selama hidupnya, yang kemudian disebut hepatitis Bcarriers. Hepatitis B memiliki 4 fase untuk menjadi Hepatitis B kronik yaitu: Fase toleransi imunitas (immune tolerance phase) Fase pembersihan imunitas (immune clearance phase)Fase kontrol imunitas (immune control phase)Fase penurunan imunitas (immune escape phase)Selama fase satu dan tiga, umumnya pasien tidak memiliki keluhan dan disebut dengan 'inactive carriers'. ;Informasi
Pada 5-10% orang dewasa yang terinfeksi hepatitis B akan 'membawa' atau menyimpan virus tersebut selama hidupnya, yang kemudian disebut hepatitis Bcarriers. Hepatitis B memiliki 4 fase untuk menjadi Hepatitis B kronik yaitu: Fase toleransi imunitas (immune tolerance phase) Fase pembersihan imunitas (immune clearance phase)Fase kontrol imunitas (immune control phase)Fase penurunan imunitas (immune escape phase)Selama fase satu dan tiga, umumnya pasien tidak memiliki keluhan dan disebut dengan 'inactive carriers'. ;Penyakit
Bagaimanapun juga, orang tersebut umumnya tidak dapat bertahan selamanya di dalam fase ini, mereka akan berpindah fase dan selalu memiliki risiko untuk terjadinya kerusakan hati progresif dan pembentukan sirosis hati (pengecilan hati).;Penyakit
Pasien pada fase 1 dan 3 umumnya tidak diberikan terapi karena berdasarkan penelitian, pemberian antivirus tidak ada bedanya dengan plasebo.;Tindakan
Pasien pada fase 1 dan 3 umumnya tidak diberikan terapi karena berdasarkan penelitian, pemberian antivirus tidak ada bedanya dengan plasebo.;Penyebab
Pasien dengan fase 2 dan 4 akan diberikan terapi antivirus. ;Tindakan
Yang diperlukan pada pasien carriertanpa gejala adalah follow-up atau kunjungan ke dokter secara reguler untuk memastikan fase yang terjadi dan perlu tidaknya terapi. ;Tindakan
Beberapa hal yang dapat dilakukan adalah:;Referensi
Namun, pada kebanyakan orang dewasa yang terinfeksi virus hepatitis B akut, tubuh akan menghilangkan virus ini dengan sendirinya dalam waktu 6 bulan dan akan meningkatkan daya tahan tubuhnya sendiri untuk melawan virus ini pada orang dewasa. ;Informasi
Namun, pada kebanyakan orang dewasa yang terinfeksi virus hepatitis B akut, tubuh akan menghilangkan virus ini dengan sendirinya dalam waktu 6 bulan dan akan meningkatkan daya tahan tubuhnya sendiri untuk melawan virus ini pada orang dewasa. ;Periode
Setelah mereka sembuh, mereka tidak dapat terinfeksi oleh virus hepatitis B lagi (sudah memiliki kekebalan terhadap hepatitis B;Penyebab
Setelah mereka sembuh, mereka tidak dapat terinfeksi oleh virus hepatitis B lagi (sudah memiliki kekebalan terhadap hepatitis B;Outcome
Namun, tetap berisiko terkena hepatitis jenis lain. Untuk mengetahui hal ini, diperlukan pemeriksaan lanjutan untuk mengetahui apakah penderita telah sembuh dari hepatitis B akut atau berlanjut menjadi hepatitis B kronik.;Tindakan
Demikian informasi yang dapat disampaikan. Semoga bermanfaat.;Penutup
halo dok, saya mau tanya hari ini 19 februari 2019 saya melukan tes darah dan menunjukan hasil positif HBsAg re-aktif, tetapi saya ingin melakukan tes ulang. pertanyaannya kapan sebaiknya tes ulang tersebut dilakukan? terimakasih dok;Pasien
halo dok, saya mau tanya hari ini 19 februari 2019 saya melukan tes darah dan menunjukan hasil positif HBsAg re-aktif, tetapi saya ingin melakukan tes ulang. pertanyaannya kapan sebaiknya tes ulang tersebut dilakukan? terimakasih dok;Kapan
halo dok, saya mau tanya hari ini 19 februari 2019 saya melukan tes darah dan menunjukan hasil positif HBsAg re-aktif, tetapi saya ingin melakukan tes ulang. pertanyaannya kapan sebaiknya tes ulang tersebut dilakukan? terimakasih dok;Pertanyaan
Terima kasih telah menggunakan layanan e-konsultasi KlikDokter.;Pembuka
Kami mengerti kekhawatiran yang Anda rasakan saat ini. ;Pembuka
Jika HbsAg dinyatakan reaktif, maka saat ini Anda sedang terinfeksi oleh hepatitis B. ;Penyakit
Jika HbsAg dinyatakan reaktif, maka saat ini Anda sedang terinfeksi oleh hepatitis B. ;Penyebab
Namun untuk mengetahui virus sedang aktif atau tidak ada beberapa pemeriksaan lain seperti HbeAg ataupun HBV DNA serta pemeriksaan enzim hati seperti SGOT dan SGPT.;Tindakan
Untuk mengetahui status penyakit hepatitis B pada Anda maka sebaiknya Anda memeriksakan diri ke dokter spesialis penyakit dalam untuk evaluasi dan penanganan lebih lanjut. ;Tindakan
Sekilas izinkan kami menjelaskan mengenai penyakit Hepatitis B.;Referensi
Hepatitis (radang pada hati) B adalah penyakit yang disebabkan oleh virus hepatitis B (VHB), yang dapat menyebabkan peradangan hati akut atau menahun yang pada sebagian kecil kasus dapat berlanjut menjadi sirosi hati atau kanker hati. ;Penyakit
Hepatitis (radang pada hati) B adalah penyakit yang disebabkan oleh virus hepatitis B (VHB), yang dapat menyebabkan peradangan hati akut atau menahun yang pada sebagian kecil kasus dapat berlanjut menjadi sirosi hati atau kanker hati. ;Penyebab
"Virus hepatitis B menular melalui darah dan cairan tubuh yang terinfeksi, hal ini dapat terjadi pada keadaan; Kontak langsung darah dengan darah Hubungan seksual yang tidak aman Penggunaan jarum suntik tidak steril Tertusuk jarum suntik yang terinfeksiJarum yang terkontaminasi yang digunakan untuk membuat tatto, akupuntur, body piercing Pada saat kehamilan, penularan dari ibu-janin pada proses melahirkan Penggunaan pisau cukur Bersama Tranfusi darah";Objek
"Virus hepatitis B menular melalui darah dan cairan tubuh yang terinfeksi, hal ini dapat terjadi pada keadaan; Kontak langsung darah dengan darah Hubungan seksual yang tidak aman Penggunaan jarum suntik tidak steril Tertusuk jarum suntik yang terinfeksiJarum yang terkontaminasi yang digunakan untuk membuat tatto, akupuntur, body piercing Pada saat kehamilan, penularan dari ibu-janin pada proses melahirkan Penggunaan pisau cukur Bersama Tranfusi darah";Penyebab
Kebanyakan hepatitis B carriers tidak merasa ataupun terlihat sakit, tetapi mereka dapat mentransmisikan virus tersebut dan membuat orang lain menderita hepatitis B;Penyakit
Bagaimanapun, carriers memiliki risiko lebih tinggi untuk menderita kerusakan hati yang progresif akibat reaktivasi spontan hepatitis B berulang, sehingga memerlukan pengawasan dokter secara rutin.;Penyebab
Bagaimanapun, carriers memiliki risiko lebih tinggi untuk menderita kerusakan hati yang progresif akibat reaktivasi spontan hepatitis B berulang, sehingga memerlukan pengawasan dokter secara rutin.;Outcome
Pada 5-10% orang dewasa yang terinfeksi hepatitis B akan 'membawa' atau menyimpan virus tersebut selama hidupnya, yang kemudian disebut hepatitis Bcarriers. Hepatitis B memiliki 4 fase untuk menjadi Hepatitis B kronik yaitu: Fase toleransi imunitas (immune tolerance phase) Fase pembersihan imunitas (immune clearance phase)Fase kontrol imunitas (immune control phase)Fase penurunan imunitas (immune escape phase)Selama fase satu dan tiga, umumnya pasien tidak memiliki keluhan dan disebut dengan 'inactive carriers'. ;Informasi
Pada 5-10% orang dewasa yang terinfeksi hepatitis B akan 'membawa' atau menyimpan virus tersebut selama hidupnya, yang kemudian disebut hepatitis Bcarriers. Hepatitis B memiliki 4 fase untuk menjadi Hepatitis B kronik yaitu: Fase toleransi imunitas (immune tolerance phase) Fase pembersihan imunitas (immune clearance phase)Fase kontrol imunitas (immune control phase)Fase penurunan imunitas (immune escape phase)Selama fase satu dan tiga, umumnya pasien tidak memiliki keluhan dan disebut dengan 'inactive carriers'. ;Penyakit
Bagaimanapun juga, orang tersebut umumnya tidak dapat bertahan selamanya di dalam fase ini, mereka akan berpindah fase dan selalu memiliki risiko untuk terjadinya kerusakan hati progresif dan pembentukan sirosis hati (pengecilan hati).;Penyakit
Pasien pada fase 1 dan 3 umumnya tidak diberikan terapi karena berdasarkan penelitian, pemberian antivirus tidak ada bedanya dengan plasebo.;Tindakan
Pasien pada fase 1 dan 3 umumnya tidak diberikan terapi karena berdasarkan penelitian, pemberian antivirus tidak ada bedanya dengan plasebo.;Penyebab
Pasien dengan fase 2 dan 4 akan diberikan terapi antivirus. ;Tindakan
Yang diperlukan pada pasien carriertanpa gejala adalah follow-up atau kunjungan ke dokter secara reguler untuk memastikan fase yang terjadi dan perlu tidaknya terapi. ;Tindakan
Beberapa hal yang dapat dilakukan adalah:;Referensi
Namun, pada kebanyakan orang dewasa yang terinfeksi virus hepatitis B akut, tubuh akan menghilangkan virus ini dengan sendirinya dalam waktu 6 bulan dan akan meningkatkan daya tahan tubuhnya sendiri untuk melawan virus ini pada orang dewasa. ;Informasi
Namun, pada kebanyakan orang dewasa yang terinfeksi virus hepatitis B akut, tubuh akan menghilangkan virus ini dengan sendirinya dalam waktu 6 bulan dan akan meningkatkan daya tahan tubuhnya sendiri untuk melawan virus ini pada orang dewasa. ;Periode
Setelah mereka sembuh, mereka tidak dapat terinfeksi oleh virus hepatitis B lagi (sudah memiliki kekebalan terhadap hepatitis B;Penyebab
Setelah mereka sembuh, mereka tidak dapat terinfeksi oleh virus hepatitis B lagi (sudah memiliki kekebalan terhadap hepatitis B;Outcome
Namun, tetap berisiko terkena hepatitis jenis lain. Untuk mengetahui hal ini, diperlukan pemeriksaan lanjutan untuk mengetahui apakah penderita telah sembuh dari hepatitis B akut atau berlanjut menjadi hepatitis B kronik.;Tindakan
Demikian informasi yang dapat disampaikan. Semoga bermanfaat.;Penutup
Selamat sore dok.saya mau tanya , Saya lagi hamil 7 bln dan diagnosa dokter dalam terkenan hepatitis sejak saya hamil 3bln.udh di cek lab 3x hbshg negative trs. ;Pasien
Selamat sore dok.saya mau tanya , Saya lagi hamil 7 bln dan diagnosa dokter dalam terkenan hepatitis sejak saya hamil 3bln.udh di cek lab 3x hbshg negative trs. ;Penyakit
Dokter tdk menjelaskan hepatitis apa yg saya alami saat ini Dan hasil lab pertama *Hbsag negative *sgot NILAI 290 U/L MIN 13 MAX 19 *SGPT NILAI 550 U/L MIN 18 MAX 22 #hasil lab kedua di pegang dokter dok. #lab ke -3 *SGOT 325 U/L min 13 max 19 *sgpt 318 U/L min 18 max 22. Pertanyaan dari saya itu hepatitis apa dok ? Bisakah untuk sembuh ? Kalau bisa apakah nyampai bertahun-tahun ?,makanan apa yg harus saya hindari ,dan apa saja yg harus saya konsumsi untuk kesembuhan penyakit saya dok.Terimakasih;Pasien
Dokter tdk menjelaskan hepatitis apa yg saya alami saat ini Dan hasil lab pertama *Hbsag negative *sgot NILAI 290 U/L MIN 13 MAX 19 *SGPT NILAI 550 U/L MIN 18 MAX 22 #hasil lab kedua di pegang dokter dok. #lab ke -3 *SGOT 325 U/L min 13 max 19 *sgpt 318 U/L min 18 max 22. Pertanyaan dari saya itu hepatitis apa dok ? Bisakah untuk sembuh ? Kalau bisa apakah nyampai bertahun-tahun ?,makanan apa yg harus saya hindari ,dan apa saja yg harus saya konsumsi untuk kesembuhan penyakit saya dok.Terimakasih;Penyakit
Dokter tdk menjelaskan hepatitis apa yg saya alami saat ini Dan hasil lab pertama *Hbsag negative *sgot NILAI 290 U/L MIN 13 MAX 19 *SGPT NILAI 550 U/L MIN 18 MAX 22 #hasil lab kedua di pegang dokter dok. #lab ke -3 *SGOT 325 U/L min 13 max 19 *sgpt 318 U/L min 18 max 22. Pertanyaan dari saya itu hepatitis apa dok ? Bisakah untuk sembuh ? Kalau bisa apakah nyampai bertahun-tahun ?,makanan apa yg harus saya hindari ,dan apa saja yg harus saya konsumsi untuk kesembuhan penyakit saya dok.Terimakasih;Pertanyaan
Dokter tdk menjelaskan hepatitis apa yg saya alami saat ini Dan hasil lab pertama *Hbsag negative *sgot NILAI 290 U/L MIN 13 MAX 19 *SGPT NILAI 550 U/L MIN 18 MAX 22 #hasil lab kedua di pegang dokter dok. #lab ke -3 *SGOT 325 U/L min 13 max 19 *sgpt 318 U/L min 18 max 22. Pertanyaan dari saya itu hepatitis apa dok ? Bisakah untuk sembuh ? Kalau bisa apakah nyampai bertahun-tahun ?,makanan apa yg harus saya hindari ,dan apa saja yg harus saya konsumsi untuk kesembuhan penyakit saya dok.Terimakasih;Informasi
Terima kasih telah bertanya melalui fitur Tanya Dokter di KlikDokter. ;Pembuka
Kami memahami kekhawatiran Anda.  ;Pembuka
Hepatitis merupakan penyakit infeksi pada hati/liver yang disebabkan oleh virus hepatitis;Penyebab
Hepatitis merupakan penyakit infeksi pada hati/liver yang disebabkan oleh virus hepatitis;Penyakit
Virus hepatitis sendiri sangat bayak jenisnya.;Objek
Di antaranya yang paling sering ditemukan adalah hepatitis A, B, C,dan E.;Penyakit
Virus Hepatitis A dan E ditularkan melalui makanan dan minuman yang tercemar oleh virus tersebut dan melalui tinja penderita.;Penyebab
Virus Hepatitis A dan E ditularkan melalui makanan dan minuman yang tercemar oleh virus tersebut dan melalui tinja penderita.;Objek
 Penderita hepatitis A atau E yang memasak atau menyiapkan makanan juga dapat menularkan virus kepada orang lain. ;Penyebab
Penularannya mirip seperti penularan penyakit demam tifoid yang sering disebut dengan tifus/tipes.;Penyakit
Sedangkan virus Hepatitis B dan C tidak ditularkan melalui makanan, minuman, atau tinja penderita, melainkan melalui cairan tubuh seperti darah, cairan sperma/mani, cairan vagina, dan air liur. ;Penyebab
Sedangkan virus Hepatitis B dan C tidak ditularkan melalui makanan, minuman, atau tinja penderita, melainkan melalui cairan tubuh seperti darah, cairan sperma/mani, cairan vagina, dan air liur. ;Objek
Paling sering kedua virus ini ditularkan melalui hubungan seksual dan penggunaan narkoba suntik (karena menggunakan jarum suntik berganti-gantian).;Penyebab
Gejala hepatitis pada umumnya adalah: Perut begah Mata kuning Mual/muntah badan lemas/cepat Lelah nyeri di daerah ulu hati Perubahan pada buang air besar (BAB) atau buang air kecil (BAK);Gejala
Jenis pengobatan yang akan dilakukan tergantung kepada jenis gangguan hati yang diderita. ;Objek
Salah satu cara untuk melihat fungsi hati adalah dengan pemeriksaan SGOT dan SGPT;Tindakan
SGPT dan SGOT merupakan enzim-enzim pada hati yang akan meningkat jumlahnya di dalam tubuh jika hati mengalami kerusakan;Objek
Liver atau hati adalah organ tubuh yang penting untuk menetralisir racun dari makanan atau minuman. ;Objek
Oleh karena itu, pada gangguan fungsi hati, hindarilah makanan yang tidak alami atau banyak mengandung bahan pengawet atau pewarna dan perbanyak asupan nutrisi yang bergizi dan seimbang.;Tindakan
 Hindari juga konsumsi obat selain dari dokter, seperti jamu-jamuan, obat herbal, obat warung, dan lain-lain.;Tindakan
Demikianlah jawaban yang dapat kami berikan. Semoga bermanfaat. Salam sehat.;Penutup
Sore dok.. saya dian nisa, saya mengidap hepatitis B. awal mula diketahui hepatitis B itu, saat saya melakukan donor darah untuk pertama kalinya pada bulan mei 2018. lalu saya di usg hati, fibroscan bulan agustus dan hasilnya semua masih baik, normal. hanya saja hasil hbsag tetap positif. bahkan hingga bulan november kemarin saya cek hbsag tetap positif, sgot sgpt berubah sedikit. saya hanya disarankan mengonsumsi curcuma fct 3xSehari. yang saya ingin tanyakan apakah saya mengidap hepatitis akut atau sudah masuk ke hepatitis kronik ? hingga sekarang tidak ada tanda2 mata/kulit menguning. tetapi rasa pusing, mual, lemas setiap saya merasa capek itu ada hingga sekarang. bahkan berat badan saya pun tidak ada kenaikan selama beberapa bulan.;Pasien
Sore dok.. saya dian nisa, saya mengidap hepatitis B. awal mula diketahui hepatitis B itu, saat saya melakukan donor darah untuk pertama kalinya pada bulan mei 2018. lalu saya di usg hati, fibroscan bulan agustus dan hasilnya semua masih baik, normal. hanya saja hasil hbsag tetap positif. bahkan hingga bulan november kemarin saya cek hbsag tetap positif, sgot sgpt berubah sedikit. saya hanya disarankan mengonsumsi curcuma fct 3xSehari. yang saya ingin tanyakan apakah saya mengidap hepatitis akut atau sudah masuk ke hepatitis kronik ? hingga sekarang tidak ada tanda2 mata/kulit menguning. tetapi rasa pusing, mual, lemas setiap saya merasa capek itu ada hingga sekarang. bahkan berat badan saya pun tidak ada kenaikan selama beberapa bulan.;Penyakit
Sore dok.. saya dian nisa, saya mengidap hepatitis B. awal mula diketahui hepatitis B itu, saat saya melakukan donor darah untuk pertama kalinya pada bulan mei 2018. lalu saya di usg hati, fibroscan bulan agustus dan hasilnya semua masih baik, normal. hanya saja hasil hbsag tetap positif. bahkan hingga bulan november kemarin saya cek hbsag tetap positif, sgot sgpt berubah sedikit. saya hanya disarankan mengonsumsi curcuma fct 3xSehari. yang saya ingin tanyakan apakah saya mengidap hepatitis akut atau sudah masuk ke hepatitis kronik ? hingga sekarang tidak ada tanda2 mata/kulit menguning. tetapi rasa pusing, mual, lemas setiap saya merasa capek itu ada hingga sekarang. bahkan berat badan saya pun tidak ada kenaikan selama beberapa bulan.;Gejala
Sore dok.. saya dian nisa, saya mengidap hepatitis B. awal mula diketahui hepatitis B itu, saat saya melakukan donor darah untuk pertama kalinya pada bulan mei 2018. lalu saya di usg hati, fibroscan bulan agustus dan hasilnya semua masih baik, normal. hanya saja hasil hbsag tetap positif. bahkan hingga bulan november kemarin saya cek hbsag tetap positif, sgot sgpt berubah sedikit. saya hanya disarankan mengonsumsi curcuma fct 3xSehari. yang saya ingin tanyakan apakah saya mengidap hepatitis akut atau sudah masuk ke hepatitis kronik ? hingga sekarang tidak ada tanda2 mata/kulit menguning. tetapi rasa pusing, mual, lemas setiap saya merasa capek itu ada hingga sekarang. bahkan berat badan saya pun tidak ada kenaikan selama beberapa bulan.;Pertanyaan
Terima kasih telah menggunakan layanan e-konsultasi KlikDokter.;Pembuka
Kami mengerti kekhawatiran yang Anda rasakan saat ini. ;Pembuka
Jika HbsAg dinyatakan reaktif, maka saat ini Anda sedang terinfeksi oleh hepatitis B. ;Penyakit
Jika HbsAg dinyatakan reaktif, maka saat ini Anda sedang terinfeksi oleh hepatitis B. ;Penyebab
Namun untuk mengetahui virus sedang aktif atau tidak ada beberapa pemeriksaan lain seperti HbeAg ataupun HBV DNA serta pemeriksaan enzim hati seperti SGOT dan SGPT.;Tindakan
Untuk mengetahui status penyakit hepatitis B pada Anda maka sebaiknya Anda memeriksakan diri ke dokter spesialis penyakit dalam untuk evaluasi dan penanganan lebih lanjut. ;Tindakan
Sekilas izinkan kami menjelaskan mengenai penyakit Hepatitis B.;Referensi
Hepatitis (radang pada hati) B adalah penyakit yang disebabkan oleh virus hepatitis B (VHB), yang dapat menyebabkan peradangan hati akut atau menahun yang pada sebagian kecil kasus dapat berlanjut menjadi sirosi hati atau kanker hati. ;Penyakit
Hepatitis (radang pada hati) B adalah penyakit yang disebabkan oleh virus hepatitis B (VHB), yang dapat menyebabkan peradangan hati akut atau menahun yang pada sebagian kecil kasus dapat berlanjut menjadi sirosi hati atau kanker hati. ;Penyebab
"Virus hepatitis B menular melalui darah dan cairan tubuh yang terinfeksi, hal ini dapat terjadi pada keadaan; Kontak langsung darah dengan darah Hubungan seksual yang tidak aman Penggunaan jarum suntik tidak steril Tertusuk jarum suntik yang terinfeksiJarum yang terkontaminasi yang digunakan untuk membuat tatto, akupuntur, body piercing Pada saat kehamilan, penularan dari ibu-janin pada proses melahirkan Penggunaan pisau cukur Bersama Tranfusi darah";Objek
"Virus hepatitis B menular melalui darah dan cairan tubuh yang terinfeksi, hal ini dapat terjadi pada keadaan; Kontak langsung darah dengan darah Hubungan seksual yang tidak aman Penggunaan jarum suntik tidak steril Tertusuk jarum suntik yang terinfeksiJarum yang terkontaminasi yang digunakan untuk membuat tatto, akupuntur, body piercing Pada saat kehamilan, penularan dari ibu-janin pada proses melahirkan Penggunaan pisau cukur Bersama Tranfusi darah";Penyebab
Kebanyakan hepatitis B carriers tidak merasa ataupun terlihat sakit, tetapi mereka dapat mentransmisikan virus tersebut dan membuat orang lain menderita hepatitis B;Penyakit
Bagaimanapun, carriers memiliki risiko lebih tinggi untuk menderita kerusakan hati yang progresif akibat reaktivasi spontan hepatitis B berulang, sehingga memerlukan pengawasan dokter secara rutin.;Penyebab
Bagaimanapun, carriers memiliki risiko lebih tinggi untuk menderita kerusakan hati yang progresif akibat reaktivasi spontan hepatitis B berulang, sehingga memerlukan pengawasan dokter secara rutin.;Outcome
Pada 5-10% orang dewasa yang terinfeksi hepatitis B akan 'membawa' atau menyimpan virus tersebut selama hidupnya, yang kemudian disebut hepatitis Bcarriers. Hepatitis B memiliki 4 fase untuk menjadi Hepatitis B kronik yaitu: Fase toleransi imunitas (immune tolerance phase) Fase pembersihan imunitas (immune clearance phase)Fase kontrol imunitas (immune control phase)Fase penurunan imunitas (immune escape phase)Selama fase satu dan tiga, umumnya pasien tidak memiliki keluhan dan disebut dengan 'inactive carriers'. ;Informasi
Pada 5-10% orang dewasa yang terinfeksi hepatitis B akan 'membawa' atau menyimpan virus tersebut selama hidupnya, yang kemudian disebut hepatitis Bcarriers. Hepatitis B memiliki 4 fase untuk menjadi Hepatitis B kronik yaitu: Fase toleransi imunitas (immune tolerance phase) Fase pembersihan imunitas (immune clearance phase)Fase kontrol imunitas (immune control phase)Fase penurunan imunitas (immune escape phase)Selama fase satu dan tiga, umumnya pasien tidak memiliki keluhan dan disebut dengan 'inactive carriers'. ;Penyakit
Bagaimanapun juga, orang tersebut umumnya tidak dapat bertahan selamanya di dalam fase ini, mereka akan berpindah fase dan selalu memiliki risiko untuk terjadinya kerusakan hati progresif dan pembentukan sirosis hati (pengecilan hati).;Penyakit
Pasien pada fase 1 dan 3 umumnya tidak diberikan terapi karena berdasarkan penelitian, pemberian antivirus tidak ada bedanya dengan plasebo.;Tindakan
Pasien pada fase 1 dan 3 umumnya tidak diberikan terapi karena berdasarkan penelitian, pemberian antivirus tidak ada bedanya dengan plasebo.;Penyebab
Pasien dengan fase 2 dan 4 akan diberikan terapi antivirus. ;Tindakan
Yang diperlukan pada pasien carriertanpa gejala adalah follow-up atau kunjungan ke dokter secara reguler untuk memastikan fase yang terjadi dan perlu tidaknya terapi. ;Tindakan
Beberapa hal yang dapat dilakukan adalah:;Referensi
Namun, pada kebanyakan orang dewasa yang terinfeksi virus hepatitis B akut, tubuh akan menghilangkan virus ini dengan sendirinya dalam waktu 6 bulan dan akan meningkatkan daya tahan tubuhnya sendiri untuk melawan virus ini pada orang dewasa. ;Informasi
Namun, pada kebanyakan orang dewasa yang terinfeksi virus hepatitis B akut, tubuh akan menghilangkan virus ini dengan sendirinya dalam waktu 6 bulan dan akan meningkatkan daya tahan tubuhnya sendiri untuk melawan virus ini pada orang dewasa. ;Periode
Setelah mereka sembuh, mereka tidak dapat terinfeksi oleh virus hepatitis B lagi (sudah memiliki kekebalan terhadap hepatitis B;Penyebab
Setelah mereka sembuh, mereka tidak dapat terinfeksi oleh virus hepatitis B lagi (sudah memiliki kekebalan terhadap hepatitis B;Outcome
Namun, tetap berisiko terkena hepatitis jenis lain. Untuk mengetahui hal ini, diperlukan pemeriksaan lanjutan untuk mengetahui apakah penderita telah sembuh dari hepatitis B akut atau berlanjut menjadi hepatitis B kronik.;Tindakan
Demikian informasi yang dapat disampaikan. Semoga bermanfaat.;Penutup
Selamat siang dok saya mau tanya, temen saya kena hep b, pas cek darah hasilnya HbsAg reaktif 1161, 66 IU/ml maksudnya bagaimana ya dok?;Pasien
Selamat siang dok saya mau tanya, temen saya kena hep b, pas cek darah hasilnya HbsAg reaktif 1161, 66 IU/ml maksudnya bagaimana ya dok?;Penyakit
Selamat siang dok saya mau tanya, temen saya kena hep b, pas cek darah hasilnya HbsAg reaktif 1161, 66 IU/ml maksudnya bagaimana ya dok?;Pertanyaan
Terima kasih telah menggunakan layanan e-konsultasi KlikDokter.;Pembuka
Kami mengerti kekhawatiran yang Anda rasakan saat ini. ;Pembuka
Jika HbsAg dinyatakan reaktif, maka saat ini Anda sedang terinfeksi oleh hepatitis B. ;Penyakit
Jika HbsAg dinyatakan reaktif, maka saat ini Anda sedang terinfeksi oleh hepatitis B. ;Penyebab
Namun untuk mengetahui virus sedang aktif atau tidak ada beberapa pemeriksaan lain seperti HbeAg ataupun HBV DNA serta pemeriksaan enzim hati seperti SGOT dan SGPT.;Tindakan
Untuk mengetahui status penyakit hepatitis B pada Anda maka sebaiknya Anda memeriksakan diri ke dokter spesialis penyakit dalam untuk evaluasi dan penanganan lebih lanjut. ;Tindakan
Sekilas izinkan kami menjelaskan mengenai penyakit Hepatitis B.;Referensi
Hepatitis (radang pada hati) B adalah penyakit yang disebabkan oleh virus hepatitis B (VHB), yang dapat menyebabkan peradangan hati akut atau menahun yang pada sebagian kecil kasus dapat berlanjut menjadi sirosi hati atau kanker hati. ;Penyakit
Hepatitis (radang pada hati) B adalah penyakit yang disebabkan oleh virus hepatitis B (VHB), yang dapat menyebabkan peradangan hati akut atau menahun yang pada sebagian kecil kasus dapat berlanjut menjadi sirosi hati atau kanker hati. ;Penyebab
"Virus hepatitis B menular melalui darah dan cairan tubuh yang terinfeksi, hal ini dapat terjadi pada keadaan; Kontak langsung darah dengan darah Hubungan seksual yang tidak aman Penggunaan jarum suntik tidak steril Tertusuk jarum suntik yang terinfeksiJarum yang terkontaminasi yang digunakan untuk membuat tatto, akupuntur, body piercing Pada saat kehamilan, penularan dari ibu-janin pada proses melahirkan Penggunaan pisau cukur Bersama Tranfusi darah";Objek
"Virus hepatitis B menular melalui darah dan cairan tubuh yang terinfeksi, hal ini dapat terjadi pada keadaan; Kontak langsung darah dengan darah Hubungan seksual yang tidak aman Penggunaan jarum suntik tidak steril Tertusuk jarum suntik yang terinfeksiJarum yang terkontaminasi yang digunakan untuk membuat tatto, akupuntur, body piercing Pada saat kehamilan, penularan dari ibu-janin pada proses melahirkan Penggunaan pisau cukur Bersama Tranfusi darah";Penyebab
Kebanyakan hepatitis B carriers tidak merasa ataupun terlihat sakit, tetapi mereka dapat mentransmisikan virus tersebut dan membuat orang lain menderita hepatitis B;Penyakit
Bagaimanapun, carriers memiliki risiko lebih tinggi untuk menderita kerusakan hati yang progresif akibat reaktivasi spontan hepatitis B berulang, sehingga memerlukan pengawasan dokter secara rutin.;Penyebab
Bagaimanapun, carriers memiliki risiko lebih tinggi untuk menderita kerusakan hati yang progresif akibat reaktivasi spontan hepatitis B berulang, sehingga memerlukan pengawasan dokter secara rutin.;Outcome
Pada 5-10% orang dewasa yang terinfeksi hepatitis B akan 'membawa' atau menyimpan virus tersebut selama hidupnya, yang kemudian disebut hepatitis Bcarriers. Hepatitis B memiliki 4 fase untuk menjadi Hepatitis B kronik yaitu: Fase toleransi imunitas (immune tolerance phase) Fase pembersihan imunitas (immune clearance phase)Fase kontrol imunitas (immune control phase)Fase penurunan imunitas (immune escape phase)Selama fase satu dan tiga, umumnya pasien tidak memiliki keluhan dan disebut dengan 'inactive carriers'. ;Informasi
Pada 5-10% orang dewasa yang terinfeksi hepatitis B akan 'membawa' atau menyimpan virus tersebut selama hidupnya, yang kemudian disebut hepatitis Bcarriers. Hepatitis B memiliki 4 fase untuk menjadi Hepatitis B kronik yaitu: Fase toleransi imunitas (immune tolerance phase) Fase pembersihan imunitas (immune clearance phase)Fase kontrol imunitas (immune control phase)Fase penurunan imunitas (immune escape phase)Selama fase satu dan tiga, umumnya pasien tidak memiliki keluhan dan disebut dengan 'inactive carriers'. ;Penyakit
Bagaimanapun juga, orang tersebut umumnya tidak dapat bertahan selamanya di dalam fase ini, mereka akan berpindah fase dan selalu memiliki risiko untuk terjadinya kerusakan hati progresif dan pembentukan sirosis hati (pengecilan hati).;Penyakit
Pasien pada fase 1 dan 3 umumnya tidak diberikan terapi karena berdasarkan penelitian, pemberian antivirus tidak ada bedanya dengan plasebo.;Tindakan
Pasien pada fase 1 dan 3 umumnya tidak diberikan terapi karena berdasarkan penelitian, pemberian antivirus tidak ada bedanya dengan plasebo.;Penyebab
Pasien dengan fase 2 dan 4 akan diberikan terapi antivirus. ;Tindakan
Yang diperlukan pada pasien carriertanpa gejala adalah follow-up atau kunjungan ke dokter secara reguler untuk memastikan fase yang terjadi dan perlu tidaknya terapi. ;Tindakan
Beberapa hal yang dapat dilakukan adalah:;Referensi
Namun, pada kebanyakan orang dewasa yang terinfeksi virus hepatitis B akut, tubuh akan menghilangkan virus ini dengan sendirinya dalam waktu 6 bulan dan akan meningkatkan daya tahan tubuhnya sendiri untuk melawan virus ini pada orang dewasa. ;Informasi
Namun, pada kebanyakan orang dewasa yang terinfeksi virus hepatitis B akut, tubuh akan menghilangkan virus ini dengan sendirinya dalam waktu 6 bulan dan akan meningkatkan daya tahan tubuhnya sendiri untuk melawan virus ini pada orang dewasa. ;Periode
Setelah mereka sembuh, mereka tidak dapat terinfeksi oleh virus hepatitis B lagi (sudah memiliki kekebalan terhadap hepatitis B;Penyebab
Setelah mereka sembuh, mereka tidak dapat terinfeksi oleh virus hepatitis B lagi (sudah memiliki kekebalan terhadap hepatitis B;Outcome
Namun, tetap berisiko terkena hepatitis jenis lain. Untuk mengetahui hal ini, diperlukan pemeriksaan lanjutan untuk mengetahui apakah penderita telah sembuh dari hepatitis B akut atau berlanjut menjadi hepatitis B kronik.;Tindakan
Demikian informasi yang dapat disampaikan. Semoga bermanfaat.;Penutup
Salam sejahtera. Dok, adik saya mendapatkan hasil medical check up HSBAG+. 7th yg lalu, kakak saya meninggal karena hepatitis C. Yang ingin saya tanyakan. apakah ada kemungkinan bagi kami saudara yang lain akan mengalami apa yg telah dialami oleh almarhum kakak saya? apakah dokter tau bagaimana mengatasi HSBAG+ ini? adakah cara yang bisa kami tempuh utk menghindari penyakit ini agar tidak semakin kronis? karena kami berasal dari keluarga ekonomi yg rendah. untuk biaya perawatan kakak saya dulu sudah menghabiskan banyak uang. sebelum terjadi perawatan di hospital, apakah yang harus saya lakukan? mohon penjelasan, saran dan masukan nya. sebelum dan sesudahnya, saya ucapkan terimakasih. semoga Allah membalas kebaikan dokter semua.;Penyakit
Salam sejahtera. Dok, adik saya mendapatkan hasil medical check up HSBAG+. 7th yg lalu, kakak saya meninggal karena hepatitis C. Yang ingin saya tanyakan. apakah ada kemungkinan bagi kami saudara yang lain akan mengalami apa yg telah dialami oleh almarhum kakak saya? apakah dokter tau bagaimana mengatasi HSBAG+ ini? adakah cara yang bisa kami tempuh utk menghindari penyakit ini agar tidak semakin kronis? karena kami berasal dari keluarga ekonomi yg rendah. untuk biaya perawatan kakak saya dulu sudah menghabiskan banyak uang. sebelum terjadi perawatan di hospital, apakah yang harus saya lakukan? mohon penjelasan, saran dan masukan nya. sebelum dan sesudahnya, saya ucapkan terimakasih. semoga Allah membalas kebaikan dokter semua.;Pertanyaan
Terima kasih telah menggunakan layanan e-konsultasi KlikDokter.;Pembuka
Kami mengerti kekhawatiran yang Anda rasakan saat ini. ;Pembuka
Jika HbsAg dinyatakan reaktif, maka saat ini Anda sedang terinfeksi oleh hepatitis B. ;Penyakit
Jika HbsAg dinyatakan reaktif, maka saat ini Anda sedang terinfeksi oleh hepatitis B. ;Penyebab
Namun untuk mengetahui virus sedang aktif atau tidak ada beberapa pemeriksaan lain seperti HbeAg ataupun HBV DNA serta pemeriksaan enzim hati seperti SGOT dan SGPT.;Tindakan
Untuk mengetahui status penyakit hepatitis B pada Anda maka sebaiknya Anda memeriksakan diri ke dokter spesialis penyakit dalam untuk evaluasi dan penanganan lebih lanjut. ;Tindakan
Sekilas izinkan kami menjelaskan mengenai penyakit Hepatitis B.;Referensi
Hepatitis (radang pada hati) B adalah penyakit yang disebabkan oleh virus hepatitis B (VHB), yang dapat menyebabkan peradangan hati akut atau menahun yang pada sebagian kecil kasus dapat berlanjut menjadi sirosi hati atau kanker hati. ;Penyakit
Hepatitis (radang pada hati) B adalah penyakit yang disebabkan oleh virus hepatitis B (VHB), yang dapat menyebabkan peradangan hati akut atau menahun yang pada sebagian kecil kasus dapat berlanjut menjadi sirosi hati atau kanker hati. ;Penyebab
"Virus hepatitis B menular melalui darah dan cairan tubuh yang terinfeksi, hal ini dapat terjadi pada keadaan; Kontak langsung darah dengan darah Hubungan seksual yang tidak aman Penggunaan jarum suntik tidak steril Tertusuk jarum suntik yang terinfeksiJarum yang terkontaminasi yang digunakan untuk membuat tatto, akupuntur, body piercing Pada saat kehamilan, penularan dari ibu-janin pada proses melahirkan Penggunaan pisau cukur Bersama Tranfusi darah";Objek
"Virus hepatitis B menular melalui darah dan cairan tubuh yang terinfeksi, hal ini dapat terjadi pada keadaan; Kontak langsung darah dengan darah Hubungan seksual yang tidak aman Penggunaan jarum suntik tidak steril Tertusuk jarum suntik yang terinfeksiJarum yang terkontaminasi yang digunakan untuk membuat tatto, akupuntur, body piercing Pada saat kehamilan, penularan dari ibu-janin pada proses melahirkan Penggunaan pisau cukur Bersama Tranfusi darah";Penyebab
Kebanyakan hepatitis B carriers tidak merasa ataupun terlihat sakit, tetapi mereka dapat mentransmisikan virus tersebut dan membuat orang lain menderita hepatitis B;Penyakit
Bagaimanapun, carriers memiliki risiko lebih tinggi untuk menderita kerusakan hati yang progresif akibat reaktivasi spontan hepatitis B berulang, sehingga memerlukan pengawasan dokter secara rutin.;Penyebab
Bagaimanapun, carriers memiliki risiko lebih tinggi untuk menderita kerusakan hati yang progresif akibat reaktivasi spontan hepatitis B berulang, sehingga memerlukan pengawasan dokter secara rutin.;Outcome
Pada 5-10% orang dewasa yang terinfeksi hepatitis B akan 'membawa' atau menyimpan virus tersebut selama hidupnya, yang kemudian disebut hepatitis Bcarriers. Hepatitis B memiliki 4 fase untuk menjadi Hepatitis B kronik yaitu: Fase toleransi imunitas (immune tolerance phase) Fase pembersihan imunitas (immune clearance phase)Fase kontrol imunitas (immune control phase)Fase penurunan imunitas (immune escape phase)Selama fase satu dan tiga, umumnya pasien tidak memiliki keluhan dan disebut dengan 'inactive carriers'. ;Informasi
Pada 5-10% orang dewasa yang terinfeksi hepatitis B akan 'membawa' atau menyimpan virus tersebut selama hidupnya, yang kemudian disebut hepatitis Bcarriers. Hepatitis B memiliki 4 fase untuk menjadi Hepatitis B kronik yaitu: Fase toleransi imunitas (immune tolerance phase) Fase pembersihan imunitas (immune clearance phase)Fase kontrol imunitas (immune control phase)Fase penurunan imunitas (immune escape phase)Selama fase satu dan tiga, umumnya pasien tidak memiliki keluhan dan disebut dengan 'inactive carriers'. ;Penyakit
Bagaimanapun juga, orang tersebut umumnya tidak dapat bertahan selamanya di dalam fase ini, mereka akan berpindah fase dan selalu memiliki risiko untuk terjadinya kerusakan hati progresif dan pembentukan sirosis hati (pengecilan hati).;Penyakit
Pasien pada fase 1 dan 3 umumnya tidak diberikan terapi karena berdasarkan penelitian, pemberian antivirus tidak ada bedanya dengan plasebo.;Tindakan
Pasien pada fase 1 dan 3 umumnya tidak diberikan terapi karena berdasarkan penelitian, pemberian antivirus tidak ada bedanya dengan plasebo.;Penyebab
Pasien dengan fase 2 dan 4 akan diberikan terapi antivirus. ;Tindakan
Yang diperlukan pada pasien carriertanpa gejala adalah follow-up atau kunjungan ke dokter secara reguler untuk memastikan fase yang terjadi dan perlu tidaknya terapi. ;Tindakan
Beberapa hal yang dapat dilakukan adalah:;Referensi
Namun, pada kebanyakan orang dewasa yang terinfeksi virus hepatitis B akut, tubuh akan menghilangkan virus ini dengan sendirinya dalam waktu 6 bulan dan akan meningkatkan daya tahan tubuhnya sendiri untuk melawan virus ini pada orang dewasa. ;Informasi
Namun, pada kebanyakan orang dewasa yang terinfeksi virus hepatitis B akut, tubuh akan menghilangkan virus ini dengan sendirinya dalam waktu 6 bulan dan akan meningkatkan daya tahan tubuhnya sendiri untuk melawan virus ini pada orang dewasa. ;Periode
Setelah mereka sembuh, mereka tidak dapat terinfeksi oleh virus hepatitis B lagi (sudah memiliki kekebalan terhadap hepatitis B;Penyebab
Setelah mereka sembuh, mereka tidak dapat terinfeksi oleh virus hepatitis B lagi (sudah memiliki kekebalan terhadap hepatitis B;Outcome
Namun, tetap berisiko terkena hepatitis jenis lain. Untuk mengetahui hal ini, diperlukan pemeriksaan lanjutan untuk mengetahui apakah penderita telah sembuh dari hepatitis B akut atau berlanjut menjadi hepatitis B kronik.;Tindakan
Demikian informasi yang dapat disampaikan. Semoga bermanfaat.;Penutup
