Kalimat;Label
untuk penyakit tipes itu obat yang mudah ditemui apa dok?;Penyakit
untuk penyakit tipes itu obat yang mudah ditemui apa dok?;Pertanyaan
Terima kasih telah bertanya seputar Pengobatan Tipes menggunakan fitur Tanya Dokter di KlikDokter.com;Pembuka
Tipes atau Demam Tifoid adalah suatu infeksi yang disebabkan oleh bakteri Salmonella typhi. ;Penyakit
Tipes atau Demam Tifoid adalah suatu infeksi yang disebabkan oleh bakteri Salmonella typhi. ;Penyebab
Pengobatan dengan antibiotik sesuai petunjuk dokter.;Tindakan
Masa penyembuhan untuk penderita demam tifoid juga memang berbeda-beda, juga dipengaruhi oleh aktivitas dan diet yang dilakukan.;Penyakit
Masa penyembuhan untuk penderita demam tifoid juga memang berbeda-beda, juga dipengaruhi oleh aktivitas dan diet yang dilakukan.;Outcome
Masa penyembuhan untuk penderita demam tifoid juga memang berbeda-beda, juga dipengaruhi oleh aktivitas dan diet yang dilakukan.;Prakondisi
Umumnya penderita tipes baru merasa pulih benar setelah 2-4 minggu sembuh dari tipes.;Periode
Umumnya penderita tipes baru merasa pulih benar setelah 2-4 minggu sembuh dari tipes.;Outcome
Anda sebaiknya menghindari aktivitas yang terlalu berat.;Tindakan
Berikut ini panduan makanan bagi orang yang mengalami tipes dan dalam masa penyembuhan tipes.;Informasi
1. Hindari makanan berserat tinggi dan sedang, susu, produk susu, dan daging berserat kasar, makanan yang terlalu berlemak, terlalu manis, terlalu asam, dan berbumbu tajam;Tindakan
1. Hindari makanan berserat tinggi dan sedang, susu, produk susu, dan daging berserat kasar, makanan yang terlalu berlemak, terlalu manis, terlalu asam, dan berbumbu tajam;Objek
2. Makanan lebih baik dimasak hingga lunak dan dihidangkan pada suhu yang tidak terlalu panas atau dingin agar tidak merangsang pencenaan;Tindakan
3. Makanan lebih baik diberikan sering namun dalam porsi kecil;Tindakan
4. Bila diberikan untuk jangka waktu lama atau dalam keadaan khusus, perlu disertai suplemen vitamin dan mineral, atau makanan formula;Tindakan
Jika memang gejala-gejala yang ada semakin memburuk dan tidak mengalami perbaikan maka sebaiknya Anda kembali mengunjungi dokter untuk melihat apakah terjadi komplikasi. ;Outcome
Jika memang gejala-gejala yang ada semakin memburuk dan tidak mengalami perbaikan maka sebaiknya Anda kembali mengunjungi dokter untuk melihat apakah terjadi komplikasi. ;Tindakan
Untuk lebih memastikan kondisi kesehatan Anda saat ini kami sarankan Anda memeriksakan diri ke dokter agar mendapat penanganan yang lebih optimal, karena untuk menegakan suatu diagnosa dibutuhkan anamnesa,pemeriksaan fisik maupun pemeriksaan penunjang jika diperlukan yang dimana hal tersebut tidak dapat kami lakukan hanya dengan melalui layanan e-konsultasi ini.;Penutup
Untuk lebih memastikan kondisi kesehatan Anda saat ini kami sarankan Anda memeriksakan diri ke dokter agar mendapat penanganan yang lebih optimal, karena untuk menegakan suatu diagnosa dibutuhkan anamnesa,pemeriksaan fisik maupun pemeriksaan penunjang jika diperlukan yang dimana hal tersebut tidak dapat kami lakukan hanya dengan melalui layanan e-konsultasi ini.;Tindakan
Demikian informasi seputar Pengobatan Tipes yang dapat kami sampaikan, semoga bermanfaat.;Penutup
Salam,;Penutup
Selamat pagi dok saya ingin menanyakan tentang anak saya., seorang anak laki-laki umur 2,5 tahun berat badan 9,8 km (turun dari 10,3 akibat demam). ;Pasien
Selamat pagi dok saya ingin menanyakan tentang anak saya., seorang anak laki-laki umur 2,5 tahun berat badan 9,8 km (turun dari 10,3 akibat demam). ;Usia Pasien
Selamat pagi dok saya ingin menanyakan tentang anak saya., seorang anak laki-laki umur 2,5 tahun berat badan 9,8 km (turun dari 10,3 akibat demam). ;Gejala
minggu lalu sudah sempat cek darah dan katanya positif tipes.;Tindakan
minggu lalu sudah sempat cek darah dan katanya positif tipes.;Outcome
minggu lalu sudah sempat cek darah dan katanya positif tipes.;Penyakit
setelah di rawat di klinik dan diberi antibiotik sudah tidak demam lagi selama di klinik. ;Tindakan
setelah di rawat di klinik dan diberi antibiotik sudah tidak demam lagi selama di klinik. ;Outcome
tapi setelah dibolehkan pulang, baru 2 hari di rumah demam lagi.;Periode
tapi setelah dibolehkan pulang, baru 2 hari di rumah demam lagi.;Gejala
kenapa hal ini bisa terjadi ya dok? apakah ini wajar? dan apa yang mesti saya lakukan selain memberi obat penurun panas?;Pertanyaan
Terima kasih telah bertanya tentang penyembuhan demam tifoid melalui fitur Tanya Dokter. ;Pembuka
Demam tifoid merupakan penyakit yang disebabkan karena infeksi bakteri Salmonella typhi.;Penyakit
Demam tifoid merupakan penyakit yang disebabkan karena infeksi bakteri Salmonella typhi.;Penyebab
Gejalanya bisa berupa demam, sakit kepala, nyeri sendi, sakit tenggorokan, sembelit, penurunan nafsu makan dan nyeri perut. ;Gejala
Kadang penderita merasakan nyeri ketika berkemih dan terjadi batuk serta perdarahan dari hidung. ;Gejala
Gejala penyakit demam tifoid dapat berlangsung antara 10-14 hari.;Penyakit
Gejala penyakit demam tifoid dapat berlangsung antara 10-14 hari.;Periode
Masa penyembuhan untuk penderita demam tifoid juga memang berbeda-beda, juga dipengaruhi oleh aktivitas dan diet yang dilakukan.;Outcome
Masa penyembuhan untuk penderita demam tifoid juga memang berbeda-beda, juga dipengaruhi oleh aktivitas dan diet yang dilakukan.;Penyakit
Masa penyembuhan untuk penderita demam tifoid juga memang berbeda-beda, juga dipengaruhi oleh aktivitas dan diet yang dilakukan.;Prakondisi
Anak anda sebaiknya menghindari aktivitas yang terlalu berat.;Tindakan
Berikut ini panduan makanan bagi penderita demam tifoid:;Informasi
- Hindari makanan berserat tinggi dan sedang, susu, produk susu, dan daging berserat kasar, makanan yang terlalu berlemak, terlalu manis, terlalu asam, dan berbumbu tajam.;Tindakan
- Hindari makanan berserat tinggi dan sedang, susu, produk susu, dan daging berserat kasar, makanan yang terlalu berlemak, terlalu manis, terlalu asam, dan berbumbu tajam.;Objek
- Makanan lebih baik dimasak hingga lunak dan dihidangkan pada suhu yang tidak terlalu panas atau dingin agar tidak merangsang pencenaan.;Tindakan
- Makanan lebih baik diberikan sering namun dalam porsi kecil. Bila diberikan untuk jangka waktu lama atau dalam keadaan khusus, perlu disertai suplemen vitamin dan mineral, atau makanan formula.;Tindakan
Jika memang gejala-gejala yang ada semakin memburuk dan tidak mengalami perbaikan maka sebaiknya Anda kembali mengunjungi dokter untuk melihat apakah terjadi komplikasi.;Outcome
Jika memang gejala-gejala yang ada semakin memburuk dan tidak mengalami perbaikan maka sebaiknya Anda kembali mengunjungi dokter untuk melihat apakah terjadi komplikasi.;Tindakan
Demikian informasi yang dapat kami sampaikan mengenai penyembuhan demam tifoid. ;Penutup
Semoga bermanfaat. Salam.;Penutup
Apa itu bukan penyakita tifus dok ?;Penyakit
Apa itu bukan penyakita tifus dok ?;Pertanyaan
Terima kasih telah bertanya seputar Gejala Tifus menggunakan fitur Tanya Dokter di KlikDokter.com;Pembuka
Penyakit tifus (demam tifoid) adalah suatu penyakit yang disebabkan oleh infeksi bakteri Salmonella sp. ;Penyakit
Penyakit tifus (demam tifoid) adalah suatu penyakit yang disebabkan oleh infeksi bakteri Salmonella sp. ;Penyebab
Bakteri ini masuk menginfeksi saluran pencernaan melalui makanan atau minuman yang terkontaminasi, untuk kemudian masuk ke dalam peredaran darah. ;Penyakit
Bakteri ini masuk menginfeksi saluran pencernaan melalui makanan atau minuman yang terkontaminasi, untuk kemudian masuk ke dalam peredaran darah. ;Prakondisi
Penyakit ini dapat disembuhkan dengan pemberian Antibiotik selama 7 - 14 hari.;Tindakan
Penyakit ini dapat disembuhkan dengan pemberian Antibiotik selama 7 - 14 hari.;Outcome
Penyakit ini dapat disembuhkan dengan pemberian Antibiotik selama 7 - 14 hari.;Periode
Kami tidak menganjurkan Anda untuk mengobati tifus tanpa pengawasan dokter.;Tindakan
Pemulihan kondisi tubuh pasca penyakit tifus memang terbilang cukup lama, dapat berkisar antara 1-3 bulan sebelum kondisi tubuh dapat kembali normal. ;Informasi
Pemulihan kondisi tubuh pasca penyakit tifus memang terbilang cukup lama, dapat berkisar antara 1-3 bulan sebelum kondisi tubuh dapat kembali normal. ;Penyakit
Pemulihan kondisi tubuh pasca penyakit tifus memang terbilang cukup lama, dapat berkisar antara 1-3 bulan sebelum kondisi tubuh dapat kembali normal. ;Periode
Pemulihan kondisi tubuh pasca penyakit tifus memang terbilang cukup lama, dapat berkisar antara 1-3 bulan sebelum kondisi tubuh dapat kembali normal. ;Outcome
Oleh sebab itu, akan lebih baik apabila sementara ini Anda dapat memperbanyak waktu istirahat Anda dan memastikan terpenuhinya kebutuhan nutrisi Anda untuk mempercepat pemulihan tubuh. ;Prakondisi
Oleh sebab itu, akan lebih baik apabila sementara ini Anda dapat memperbanyak waktu istirahat Anda dan memastikan terpenuhinya kebutuhan nutrisi Anda untuk mempercepat pemulihan tubuh. ;Outcome
Hindari makan sayuran mentah dan makanan lainnya yang disajikan atau disimpan di dalam suhu ruangan dan pilih makanan yang masih panas atau makanan yang dibekukan, minuman kaleng dan buah yang telah dikupas.;Tindakan
Hindari makan sayuran mentah dan makanan lainnya yang disajikan atau disimpan di dalam suhu ruangan dan pilih makanan yang masih panas atau makanan yang dibekukan, minuman kaleng dan buah yang telah dikupas.;Objek
Saat ini sebaiknya Anda tidak melakukan aktivitas yang memerlukan banyak energi, sehingga energi tersebut dapat digunakan untuk proses pemulihan. ;Tindakan
Saat ini sebaiknya Anda tidak melakukan aktivitas yang memerlukan banyak energi, sehingga energi tersebut dapat digunakan untuk proses pemulihan. ;Prakondisi
Saat ini sebaiknya Anda tidak melakukan aktivitas yang memerlukan banyak energi, sehingga energi tersebut dapat digunakan untuk proses pemulihan. ;Outcome
Namun Anda tidak perlu khawatir, karena hal ini hanya bersifat sementara hingga kondisi Anda telah benar-benar pulih. ;Informasi
Diskusikanlah hal ini dengan dokter yang merawat Anda agar perkembangannya dapat dievaluasi secara optimal.;Tindakan
Diskusikanlah hal ini dengan dokter yang merawat Anda agar perkembangannya dapat dievaluasi secara optimal.;Outcome
Penyakit ini dapat disembuhkan secara total dengan pemberian antibiotik yang tepat, seperti kloramfenikol, trimethoprim-sulfamethoxazole atau ciprofloxacin, untuk periode waktu tertentu. ;Tindakan
Penyakit ini dapat disembuhkan secara total dengan pemberian antibiotik yang tepat, seperti kloramfenikol, trimethoprim-sulfamethoxazole atau ciprofloxacin, untuk periode waktu tertentu. ;Objek
Obat-obat tersebut hanya dapat dikonsumsi dengan resep dokter, setelah dilakukan pemeriksaan oleh dokter. ;Informasi
Penggunaan obat yang tidak sesuai dengan indikasi dokter, baik jenis obat, dosis dan lama penggunaannya, justru akan berakibat buruk bagi tubuh. ;Informasi
Dengan pengobatan yang tepat dan istirahat saat fase akut akan memercepat proses penyembuhan demam tifoid. ;Prakondisi
Dengan pengobatan yang tepat dan istirahat saat fase akut akan memercepat proses penyembuhan demam tifoid. ;Outcome
Bila tak terawat dengan baik, demam tifoid dapat berlangsung selama tiga minggu atau lebih.;Prakondisi
Bila tak terawat dengan baik, demam tifoid dapat berlangsung selama tiga minggu atau lebih.;Periode
Penderita demam tifoid sebaiknya beristirahat untuk sementara waktu, hindari aktifitas yang terlalu tinggi selama masih sakit. ;Tindakan
Aktifitas dapat kembali seperti semula secara perlahan-lahan, setelah kondisi anda sudah lebih baik.;Outcome
Aktifitas dapat kembali seperti semula secara perlahan-lahan, setelah kondisi anda sudah lebih baik.;Prakondisi
Makanan yang dapat dikonsumsi oleh penderita demam tifoid harus mengandung kalori dan protein yang cukup dan sebaiknya rendah serat untuk mencegah perdarahan dan perforasi pada usus. ;Tindakan
Makanan yang dapat dikonsumsi oleh penderita demam tifoid harus mengandung kalori dan protein yang cukup dan sebaiknya rendah serat untuk mencegah perdarahan dan perforasi pada usus. ;Prakondisi
Makanan yang dapat dikonsumsi oleh penderita demam tifoid harus mengandung kalori dan protein yang cukup dan sebaiknya rendah serat untuk mencegah perdarahan dan perforasi pada usus. ;Outcome
Sehingga konsumsi sayur-sayuran berserat sebaiknya dihindari terlebih dahulu. ;Tindakan
Dapat dilakukan konsumsi bertahap secara perlahan mulai dari cair, bubur lunak, tim, dan kemudian nasi biasa.;Tindakan
Dapat dilakukan konsumsi bertahap secara perlahan mulai dari cair, bubur lunak, tim, dan kemudian nasi biasa.;Objek
Demikian informasi seputar Gejala Tifus yang dapat kami sampaikan, semoga bermanfaat. ;Penutup
Salam,;Penutup
Dok, saya sakit tipes 2 minggu & dirwat dirumah saja namun semakin memburuk akhirnya sy hrs dirawat di rs selama 1 minggu..;Pasien
Dok, saya sakit tipes 2 minggu & dirwat dirumah saja namun semakin memburuk akhirnya sy hrs dirawat di rs selama 1 minggu..;Usia Pasien
Dok, saya sakit tipes 2 minggu & dirwat dirumah saja namun semakin memburuk akhirnya sy hrs dirawat di rs selama 1 minggu..;Penyakit
Dok, saya sakit tipes 2 minggu & dirwat dirumah saja namun semakin memburuk akhirnya sy hrs dirawat di rs selama 1 minggu..;Periode
Dok, saya sakit tipes 2 minggu & dirwat dirumah saja namun semakin memburuk akhirnya sy hrs dirawat di rs selama 1 minggu..;Tindakan
Dok, saya sakit tipes 2 minggu & dirwat dirumah saja namun semakin memburuk akhirnya sy hrs dirawat di rs selama 1 minggu..;Outcome
tapi setelah sy sembuh dr tipes sy lgsng mandi & keramas dengan air dingin..;Tindakan
tidak lama badan sy drop lagi, badan sy lemah & lemas sampai tidak bs jalan seperti tidak punya tulang, kepala jg sangat pusing..;Outcome
tidak lama badan sy drop lagi, badan sy lemah & lemas sampai tidak bs jalan seperti tidak punya tulang, kepala jg sangat pusing..;Gejala
Apakah itu efek dari sy mandi & keramas dgn air dingin? Sm saat ini badan sy msh lemas & pusing walaupun sdh berkurang...;Pertanyaan
Terima kasih telah bertanya di fitur Tanya Dokter Klikdokter.com;Pembuka
Kami mengerti kekhawatiran Anda. ;Pembuka
Penyakit tifus (demam tifoid) adalah suatu penyakit yang disebabkan oleh infeksi bakteri Salmonella sp. ;Penyakit
Penyakit tifus (demam tifoid) adalah suatu penyakit yang disebabkan oleh infeksi bakteri Salmonella sp. ;Penyebab
Bakteri ini masuk menginfeksi saluran pencernaan melalui makanan atau minuman yang terkontaminasi, untuk kemudian masuk ke dalam peredaran darah. ;Penyebab
Bakteri ini masuk menginfeksi saluran pencernaan melalui makanan atau minuman yang terkontaminasi, untuk kemudian masuk ke dalam peredaran darah. ;Prakondisi
Penyakit ini dapat disembuhkan dengan pemberian Antibiotik selama 7 - 14 hari. ;Tindakan
Penyakit ini dapat disembuhkan dengan pemberian Antibiotik selama 7 - 14 hari. ;Outcome
Penyakit ini dapat disembuhkan dengan pemberian Antibiotik selama 7 - 14 hari. ;Periode
Kami tidak menganjurkan Anda untuk mengobati tifus tanpa pengawasan dokter.;Tindakan
Saat ini sebaiknya Anda tidak melakukan aktivitas yang memerlukan banyak energi, sehingga energi tersebut dapat digunakan untuk proses pemulihan. ;Tindakan
Saat ini sebaiknya Anda tidak melakukan aktivitas yang memerlukan banyak energi, sehingga energi tersebut dapat digunakan untuk proses pemulihan. ;Prakondisi
Saat ini sebaiknya Anda tidak melakukan aktivitas yang memerlukan banyak energi, sehingga energi tersebut dapat digunakan untuk proses pemulihan. ;Outcome
Namun Anda tidak perlu khawatir, karena hal ini hanya bersifat sementara hingga kondisi Anda telah benar-benar pulih. ;Informasi
Diskusikanlah hal ini dengan dokter yang merawat Anda agar perkembangannya dapat dievaluasi secara optimal.;Tindakan
Diskusikanlah hal ini dengan dokter yang merawat Anda agar perkembangannya dapat dievaluasi secara optimal.;Outcome
Penyakit ini dapat disembuhkan secara total dengan pemberian antibiotik yang tepat, seperti kloramfenikol, trimethoprim-sulfamethoxazole atau ciprofloxacin, untuk periode waktu tertentu. ;Tindakan
Penyakit ini dapat disembuhkan secara total dengan pemberian antibiotik yang tepat, seperti kloramfenikol, trimethoprim-sulfamethoxazole atau ciprofloxacin, untuk periode waktu tertentu. ;Objek
Obat-obat tersebut hanya dapat dikonsumsi dengan resep dokter, setelah dilakukan pemeriksaan oleh dokter. ;Informasi
Penggunaan obat yang tidak sesuai dengan indikasi dokter, baik jenis obat, dosis dan lama penggunaannya, justru akan berakibat buruk bagi tubuh. ;Informasi
Dengan pengobatan yang tepat dan istirahat saat fase akut akan memercepat proses penyembuhan demam tifoid. ;Prakondisi
Dengan pengobatan yang tepat dan istirahat saat fase akut akan memercepat proses penyembuhan demam tifoid. ;Outcome
Bila tak terawat dengan baik, demam tifoid dapat berlangsung selama tiga minggu atau lebih.;Periode
Bila tak terawat dengan baik, demam tifoid dapat berlangsung selama tiga minggu atau lebih.;Prakondisi
Penderita demam tifoid sebaiknya beristirahat untuk sementara waktu, hindari aktifitas yang terlalu tinggi selama masih sakit. ;Tindakan
Aktifitas dapat kembali seperti semula secara perlahan-lahan, setelah kondisi anda sudah lebih baik.;Outcome
Aktifitas dapat kembali seperti semula secara perlahan-lahan, setelah kondisi anda sudah lebih baik.;Prakondisi
Terkait dengan pertanyaan anda mengenai telat haid, sebelumnya apakah anda sudah berkeluarga atau sudah pernah berhubunan sexual?;Informasi
Sudahkah anda memeriksakan kehamilan? ;Informasi
Tanda lemas, mual dan pusing bisa jadi merupakan tanda kehamilan ataupun gejala sisa dari penyakit anda. ;Gejala
Tanda lemas, mual dan pusing bisa jadi merupakan tanda kehamilan ataupun gejala sisa dari penyakit anda. ;Penyebab
Silahkan anda konsultasi dengan dokter terdekat mengenai gejala anda. ;Tindakan
Demikian informasi yang dapat kami sampaikan. ;Penutup
Semoga bermanfaat.;Penutup
Selamat siang dokter, saya ingin menanyakan, sudah dari pertengahan april saya merasakan gejala pusing kliyengan, lemas, dan dada terasa nyeri hingga sesak, beberapa hari lalu malah nafas saya sempat berbunyi padahal tidak ada riwayat asma, sering keluar keringat dingin.;Pasien
Selamat siang dokter, saya ingin menanyakan, sudah dari pertengahan april saya merasakan gejala pusing kliyengan, lemas, dan dada terasa nyeri hingga sesak, beberapa hari lalu malah nafas saya sempat berbunyi padahal tidak ada riwayat asma, sering keluar keringat dingin.;Gejala
Riwayat penyakit maag dan typhus.;Informasi
Hari ini tadi saya cek lab untuk tes widal dapat hasil titer 1/320 untuk H, dan 1/160 untuk B. Untuk nilai leukosit 8,9x10^9/L, trombosit 255x10^9/L. ;Tindakan
Hari ini tadi saya cek lab untuk tes widal dapat hasil titer 1/320 untuk H, dan 1/160 untuk B. Untuk nilai leukosit 8,9x10^9/L, trombosit 255x10^9/L. ;Informasi
Saat ini saya masih kliyengan, sesak, dan lemas.;Gejala
Lalu selanjutnya apa yang harus saya lakukan agar normal kembali ya dok? Terima kasih :);Pertanyaan
Terima kasih telah bertanya seputar Penyakit Tipes menggunakan fitur Tanya Dokter di KlikDokter.com;Pembuka
Tipes atau Demam Tifoid adalah suatu infeksi yang disebabkan oleh bakteri Salmonella typhi.;Penyakit
Tipes atau Demam Tifoid adalah suatu infeksi yang disebabkan oleh bakteri Salmonella typhi.;Penyebab
Gejala demam tifoid sangat luas dan bervariasi. ;Informasi
Pada umumnya, seseorang dicurigai terkena demam tifoid bila mengalami demam lebih dari 7 hari dan tidak mereda dengan penggunaan obat penurun panas. ;Penyakit
Pada umumnya, seseorang dicurigai terkena demam tifoid bila mengalami demam lebih dari 7 hari dan tidak mereda dengan penggunaan obat penurun panas. ;Prakondisi
Demam juga dapat makin tinggi secara bertahap setiap harinya, dan bila tidak ditangani, dapat berlangsung hingga 3 minggu.;Gejala
Demam juga dapat makin tinggi secara bertahap setiap harinya, dan bila tidak ditangani, dapat berlangsung hingga 3 minggu.;Outcome
Demam juga dapat makin tinggi secara bertahap setiap harinya, dan bila tidak ditangani, dapat berlangsung hingga 3 minggu.;Periode
Demam juga dapat makin tinggi secara bertahap setiap harinya, dan bila tidak ditangani, dapat berlangsung hingga 3 minggu.;Prakondisi
Keluhan lain yang menyertai demam dapat berupa:;Informasi
Rasa lemah;Gejala
Nyeri kepala;Gejala
Nyeri pada persendian;Gejala
Nyeri pada otot-otot tubuh;Gejala
Perut terasa kembung atau nyeri;Gejala
Diare atau sulit buang air besar;Gejala
Mual dan muntah;Gejala
Batuk;Gejala
Tampak gelisah;Gejala
Bila tidak ditangani dengan tepat, demam tifoid juga dapat menimbulkan komplikasi, baik pada saluran pencernaan, hati, jantung, atau sistem persarafan.;Prakondisi
Bila tidak ditangani dengan tepat, demam tifoid juga dapat menimbulkan komplikasi, baik pada saluran pencernaan, hati, jantung, atau sistem persarafan.;Outcome
Bila tidak ditangani dengan tepat, demam tifoid juga dapat menimbulkan komplikasi, baik pada saluran pencernaan, hati, jantung, atau sistem persarafan.;Objek
Untuk lebih memastikan kondisi kesehatan Anda saat ini kami sarankan Anda memeriksakan diri ke dokter agar mendapat penanganan yang lebih optimal, karena untuk menegakan suatu diagnosa dibutuhkan anamnesa,pemeriksaan fisik maupun pemeriksaan penunjang jika diperlukan yang dimana hal tersebut tidak dapat kami lakukan hanya dengan melalui layanan e-konsultasi ini.;Penutup
Untuk lebih memastikan kondisi kesehatan Anda saat ini kami sarankan Anda memeriksakan diri ke dokter agar mendapat penanganan yang lebih optimal, karena untuk menegakan suatu diagnosa dibutuhkan anamnesa,pemeriksaan fisik maupun pemeriksaan penunjang jika diperlukan yang dimana hal tersebut tidak dapat kami lakukan hanya dengan melalui layanan e-konsultasi ini.;Tindakan
Demikian informasi seputar Penyakit Tipes yang dapat kami sampaikan, semoga bermanfaat.;Penutup
Selamat pagi dok saya mau tanya beberapa hari ini saya sering demam tapi demam nya hanya di sore hari saja gejala utama yg dirasakan, bagian punggung terasa panas, akhirnya menjakar ke seluruh tubuh. itu hanya berlangsung dari sore sampai malam pagi nya suhu badan normal kira2 itu kenapa ya dok?;Pasien
Selamat pagi dok saya mau tanya beberapa hari ini saya sering demam tapi demam nya hanya di sore hari saja gejala utama yg dirasakan, bagian punggung terasa panas, akhirnya menjakar ke seluruh tubuh. itu hanya berlangsung dari sore sampai malam pagi nya suhu badan normal kira2 itu kenapa ya dok?;Usia Pasien
Selamat pagi dok saya mau tanya beberapa hari ini saya sering demam tapi demam nya hanya di sore hari saja gejala utama yg dirasakan, bagian punggung terasa panas, akhirnya menjakar ke seluruh tubuh. itu hanya berlangsung dari sore sampai malam pagi nya suhu badan normal kira2 itu kenapa ya dok?;Gejala
Selamat pagi dok saya mau tanya beberapa hari ini saya sering demam tapi demam nya hanya di sore hari saja gejala utama yg dirasakan, bagian punggung terasa panas, akhirnya menjakar ke seluruh tubuh. itu hanya berlangsung dari sore sampai malam pagi nya suhu badan normal kira2 itu kenapa ya dok?;Kapan
Selamat pagi dok saya mau tanya beberapa hari ini saya sering demam tapi demam nya hanya di sore hari saja gejala utama yg dirasakan, bagian punggung terasa panas, akhirnya menjakar ke seluruh tubuh. itu hanya berlangsung dari sore sampai malam pagi nya suhu badan normal kira2 itu kenapa ya dok?;Prakondisi
Selamat pagi dok saya mau tanya beberapa hari ini saya sering demam tapi demam nya hanya di sore hari saja gejala utama yg dirasakan, bagian punggung terasa panas, akhirnya menjakar ke seluruh tubuh. itu hanya berlangsung dari sore sampai malam pagi nya suhu badan normal kira2 itu kenapa ya dok?;Outcome
Selamat pagi dok saya mau tanya beberapa hari ini saya sering demam tapi demam nya hanya di sore hari saja gejala utama yg dirasakan, bagian punggung terasa panas, akhirnya menjakar ke seluruh tubuh. itu hanya berlangsung dari sore sampai malam pagi nya suhu badan normal kira2 itu kenapa ya dok?;Pertanyaan
Terima kasih telah bertanya mengenai demam hanya sore hari menggunakan layanan e-Konsultasi Tanya Dokter KlikDokter.com.    ;Pembuka
Sebenarnya sangat sulit bagi kami untuk menjawab pertanyaan Anda dengan informasi yang sangat minim. ;Pembuka
Ada beberapa pertanyanan yang kami butuhkan agar bisa membantu menyelesaikan permasalahan Anda. ;Pembuka
Sudah berapa Lama demam itu terjadi? ;Pertanyaan
Sudah berapa Lama demam itu terjadi? ;Gejala
Apakah demam disertai dengan mual dan muntah? ;Pertanyaan
Apakah demam disertai dengan mual dan muntah? ;Gejala
Apakah diseratai diare atau susah buang air besar? ;Pertanyaan
Apakah diseratai diare atau susah buang air besar? ;Gejala
Apakah disertai dengan nyeri perut?;Pertanyaan
Apakah disertai dengan nyeri perut?;Gejala
Dari gejala yang Anda keluhkan mungkin Anda mengalami demam typhoid atau tipes.  Dengan gejala:;Informasi
demam tinggi dari 39° sampai 40 °C (103° sampai 104 °F) yang meningkat secara perlahan mulai sore hari hingga dini hari;Gejala
demam tinggi dari 39° sampai 40 °C (103° sampai 104 °F) yang meningkat secara perlahan mulai sore hari hingga dini hari;Objek
demam tinggi dari 39° sampai 40 °C (103° sampai 104 °F) yang meningkat secara perlahan mulai sore hari hingga dini hari;Kapan
tubuh menggigil;Gejala
denyut jantung lemah (bradycardia);Gejala
"badan lemah (""weakness"")";Gejala
sakit kepala yang hebat pada malam hari, terutama di belakang kepala;Gejala
nyeri otot myalgia;Gejala
kehilangan nafsu makan;Gejala
konstipasi;Gejala
sakit perut;Gejala
"pada kasus tertentu muncul penyebaran vlek merah muda (""rose spots"")";Gejala
Untuk memastikan apa yang terjadi dengan Anda sebaiknya periksakan diri Anda langsung ke Dokter terdekat untuk menjalani beberapa tes seperti tes laboratorium.;Penutup
Untuk memastikan apa yang terjadi dengan Anda sebaiknya periksakan diri Anda langsung ke Dokter terdekat untuk menjalani beberapa tes seperti tes laboratorium.;Tindakan
Gejala Penyakit Tifus yang Wajib Anda Tahu;Artikel
Waspadai, 4 Penyebab Tifus yang Sering Disepelekan;Artikel
Saat Tifus, Hindari 7 Makanan dan Minuman Ini;Artikel
Demikian jawaban yang dapat kami berikan mengenai demam hanya sore hari. Semoga bermanfaat.;Penutup
Salam sehat,;Penutup
Permisi dok, saya baru saja melakukan pemeriksaan darah dan diagnosis gejala tipes, apakah ini akan berdampak buruk, padahal seperti yg diketahui dalam masa muda pastinya banyak aktivitas, minta sarannya untuk menanggapi ini, terima kasih;Pasien
Permisi dok, saya baru saja melakukan pemeriksaan darah dan diagnosis gejala tipes, apakah ini akan berdampak buruk, padahal seperti yg diketahui dalam masa muda pastinya banyak aktivitas, minta sarannya untuk menanggapi ini, terima kasih;Tindakan
Permisi dok, saya baru saja melakukan pemeriksaan darah dan diagnosis gejala tipes, apakah ini akan berdampak buruk, padahal seperti yg diketahui dalam masa muda pastinya banyak aktivitas, minta sarannya untuk menanggapi ini, terima kasih;Penyakit
Permisi dok, saya baru saja melakukan pemeriksaan darah dan diagnosis gejala tipes, apakah ini akan berdampak buruk, padahal seperti yg diketahui dalam masa muda pastinya banyak aktivitas, minta sarannya untuk menanggapi ini, terima kasih;Pertanyaan
Terima kasih telah bertanya menggunakan fitur tanya Dokter.;Pembuka
saya mengerti kekhawatiran anda, gejala tipes atau memang sudah terdiagnosis tipes, dalam dunia medis disebut dengan demam tifoid. ;Penyakit
saya mengerti kekhawatiran anda, gejala tipes atau memang sudah terdiagnosis tipes, dalam dunia medis disebut dengan demam tifoid. ;Penyebab
penyakit ini memang bisa dipengaruhi oleh daya tahan tubuh, tetapi utamanya adalah karena higienitas yang buruk pada makanan atau minuman yang anda konsumsi. ;Penyebab
bakteri Salmonella typhi merupakan bakteri penyebab tersering yang menyebabkan tipes yang bisa menginfeksi dari makanan dan minuman yang tidak higienis.;Penyebab
maka dari itu, tetap beraktivitas, jaga higienitas dan pola makan anda untuk menghindari penyakit tipes. ;Tindakan
konsumsi obat yang sudah diberikan dokter anda dan jika mendapat antibiotik HARUS DIHABISKAN karena kalau tidak, akan membuat bakteri resisten atau tahan terhadap antibiotik sehingga sulit disembuhkan.;Tindakan
konsumsi obat yang sudah diberikan dokter anda dan jika mendapat antibiotik HARUS DIHABISKAN karena kalau tidak, akan membuat bakteri resisten atau tahan terhadap antibiotik sehingga sulit disembuhkan.;Informasi
mengenai tipes anda bisa baca:;Referensi
bedakan demam berdarah dengan tipes;Artikel
gejala dan komplikasi tipes;Artikel
bahaya tetap bekerja saat tipes;Artikel
Demikian informasi ini kami sampaikan, semoga bermanfaat. ;Penutup
Syalom dokter, sebelumnya saya punya riwayat tipes & mag.;Pasien
Syalom dokter, sebelumnya saya punya riwayat tipes & mag.;Informasi
saya ingin bertanya 2hari lalu hari pertama malem saya demam tinggi,disertai pusing,lemes & banyak bintik2 ditangan & kaki bekas gigitan nyamuk.;Gejala
lalu demam turun saya kira karena kena angin kebetulan pada saat itu saya naik mobil dgn kaca dibuka sedikit, g lama kemudian saya sampai rumah demam naik lagi disertai dgn menggigil serasa tulang nyeri menggigil, baru dibelikan obat di apotik.;Outcome
lalu demam turun saya kira karena kena angin kebetulan pada saat itu saya naik mobil dgn kaca dibuka sedikit, g lama kemudian saya sampai rumah demam naik lagi disertai dgn menggigil serasa tulang nyeri menggigil, baru dibelikan obat di apotik.;Informasi
lalu demam turun saya kira karena kena angin kebetulan pada saat itu saya naik mobil dgn kaca dibuka sedikit, g lama kemudian saya sampai rumah demam naik lagi disertai dgn menggigil serasa tulang nyeri menggigil, baru dibelikan obat di apotik.;Gejala
lalu demam turun saya kira karena kena angin kebetulan pada saat itu saya naik mobil dgn kaca dibuka sedikit, g lama kemudian saya sampai rumah demam naik lagi disertai dgn menggigil serasa tulang nyeri menggigil, baru dibelikan obat di apotik.;Tindakan
Hari ke 2 saya minum obat ,panasnya turun disertai keringat, bbrp jam kemudian demam lagi, begitu terus.;Tindakan
Hari ke 2 saya minum obat ,panasnya turun disertai keringat, bbrp jam kemudian demam lagi, begitu terus.;Outcome
Hari ke 2 saya minum obat ,panasnya turun disertai keringat, bbrp jam kemudian demam lagi, begitu terus.;Periode
Hari ke 3 demam sudah turun, tapi pusing,lemes blm hilang. ;Informasi
Hari ke 3 demam sudah turun, tapi pusing,lemes blm hilang. ;Outcome
Dan terakhir saya bab mencret, sudah 4 hari blm bab lagi. ;Gejala
Gimana solusinya dok?;Pertanyaan
Terima kasih telah menggunakan layanan e-konsultasi Klikdokter.;Pembuka
Demam tifoid merupakan penyakit yang disebabkan karena infeksi bakteri Salmonella typhi yang ditularkan lewat makanan.;Penyakit
Demam tifoid merupakan penyakit yang disebabkan karena infeksi bakteri Salmonella typhi yang ditularkan lewat makanan.;Penyebab
Gejalanya bisa berupa demam, sakit kepala, nyeri sendi, sakit tenggorokan, sembelit, penurunan nafsu makan dan nyeri perut. ;Gejala
Kadang penderita merasakan nyeri ketika berkemih dan terjadi batuk serta perdarahan dari hidung. ;Gejala
Gejala penyakit demam tifoid dapat berlangsung antara 10-14 hari.;Penyakit
Gejala penyakit demam tifoid dapat berlangsung antara 10-14 hari.;Periode
Penderita demam tifoid perlu mengkonsumsi obat-obatan yang diberikan dokter sesuai petunjuk, beristirahat cukup dan juga memperhatikan asupan makanan dan minumannya. ;Tindakan
Berikut ini panduan makanan bagi penderita demam tifoid:;Informasi
- Hindari makanan berserat tinggi dan sedang, susu, produk susu, dan daging berserat kasar, makanan yang terlalu berlemak, terlalu manis, terlalu asam, dan berbumbu tajam.;Tindakan
- Hindari makanan berserat tinggi dan sedang, susu, produk susu, dan daging berserat kasar, makanan yang terlalu berlemak, terlalu manis, terlalu asam, dan berbumbu tajam.;Objek
- Makanan lebih baik dimasak hingga lunak dan dihidangkan pada suhu yang tidak terlalu panas atau dingin agar tidak merangsang pencenaan.;Tindakan
- Makanan lebih baik diberikan sering namun dalam porsi kecil. Bila diberikan untuk jangka waktu lama atau dalam keadaan khusus, perlu disertai suplemen vitamin dan mineral, atau makanan formula.;Tindakan
- Karena penyakit ini ditularkan melalui makanan, maka untuk mencegah agar tidak terkena demam tifoid adalah dengan berhati-hati memilih makanan, memperhatikan kebersihan makanan yang dikonsumsi dan tidak sembarang mengkonsumsi makanan di pinggir jalan.;Tindakan
Penyakit ini mudah kambuh, karena bakteri Salmonella typhi , walaupun telah diobati, masih bisa bertahan dalam saluran cerna, dan ketika daya tahan tubuh Anda menurun, bakteri ini akan kembali menyerang dan menyebabkan sakit tipes berulang dan tidak kunjung sembuh. Untuk itu sangat penting menjaga daya tahan tubuh Anda. ;Outcome
Penyakit ini mudah kambuh, karena bakteri Salmonella typhi , walaupun telah diobati, masih bisa bertahan dalam saluran cerna, dan ketika daya tahan tubuh Anda menurun, bakteri ini akan kembali menyerang dan menyebabkan sakit tipes berulang dan tidak kunjung sembuh. Untuk itu sangat penting menjaga daya tahan tubuh Anda. ;Penyebab
Penyakit ini mudah kambuh, karena bakteri Salmonella typhi , walaupun telah diobati, masih bisa bertahan dalam saluran cerna, dan ketika daya tahan tubuh Anda menurun, bakteri ini akan kembali menyerang dan menyebabkan sakit tipes berulang dan tidak kunjung sembuh. Untuk itu sangat penting menjaga daya tahan tubuh Anda. ;Prakondisi
Penyakit ini mudah kambuh, karena bakteri Salmonella typhi , walaupun telah diobati, masih bisa bertahan dalam saluran cerna, dan ketika daya tahan tubuh Anda menurun, bakteri ini akan kembali menyerang dan menyebabkan sakit tipes berulang dan tidak kunjung sembuh. Untuk itu sangat penting menjaga daya tahan tubuh Anda. ;Tindakan
Demikian, semoga informasi ini bermanfaat.;Penutup
Salam,;Penutup
Dok,, saya mau tanya Saya baru saja mengalami sakit tipes trus baru mulai pulih,apakah sudah di perbolehkan untuk makan pedas?trimakasih;Pasien
Dok,, saya mau tanya Saya baru saja mengalami sakit tipes trus baru mulai pulih,apakah sudah di perbolehkan untuk makan pedas?trimakasih;Penyakit
Dok,, saya mau tanya Saya baru saja mengalami sakit tipes trus baru mulai pulih,apakah sudah di perbolehkan untuk makan pedas?trimakasih;Pertanyaan
Terima kasih telah bertanya seputar demam tifoid menggunakan Tanya Dokter.;Pembuka
Penyakit tifus memang melibatkan saluran pencernaan, yang mengakibatkan lambung dan usus menjadi sensitif, terutama terhadap makanan yang merangsang seperti makanan pedas. ;Penyakit
Penyakit tifus memang melibatkan saluran pencernaan, yang mengakibatkan lambung dan usus menjadi sensitif, terutama terhadap makanan yang merangsang seperti makanan pedas. ;Outcome
Penyakit tifus memang melibatkan saluran pencernaan, yang mengakibatkan lambung dan usus menjadi sensitif, terutama terhadap makanan yang merangsang seperti makanan pedas. ;Objek
Setelah Anda sembuh dari penyakit tifus, Anda dapat mengkonsumsi makanan pedas kembali, namun tetap disarankan untuk dikonsumsi dalam batas yang wajar, agar terhindar dari radang lambung atau penyakit maag. ;Prakondisi
Setelah Anda sembuh dari penyakit tifus, Anda dapat mengkonsumsi makanan pedas kembali, namun tetap disarankan untuk dikonsumsi dalam batas yang wajar, agar terhindar dari radang lambung atau penyakit maag. ;Outcome
Setelah Anda sembuh dari penyakit tifus, Anda dapat mengkonsumsi makanan pedas kembali, namun tetap disarankan untuk dikonsumsi dalam batas yang wajar, agar terhindar dari radang lambung atau penyakit maag. ;Tindakan
Anda harus berhati-hati jika akan makan di luar, karena dapat terkena penyakit tifus lagi jika mengkonsumsi makanan yang terkontaminasi oleh bakteri Salmonella.;Tindakan
Anda harus berhati-hati jika akan makan di luar, karena dapat terkena penyakit tifus lagi jika mengkonsumsi makanan yang terkontaminasi oleh bakteri Salmonella.;Penyakit
Anda harus berhati-hati jika akan makan di luar, karena dapat terkena penyakit tifus lagi jika mengkonsumsi makanan yang terkontaminasi oleh bakteri Salmonella.;Penyebab
Demikian informasi yang dapat kami sampaikan, semoga bermanfaat.;Penutup
Saya pernah masuk rumah sakit tipes langsung DBD terus kritis sampai lupa ingatan,dan setelah di rawat 2 Minggu sembuh .;Pasien
Saya pernah masuk rumah sakit tipes langsung DBD terus kritis sampai lupa ingatan,dan setelah di rawat 2 Minggu sembuh .;Penyakit
Saya pernah masuk rumah sakit tipes langsung DBD terus kritis sampai lupa ingatan,dan setelah di rawat 2 Minggu sembuh .;Tindakan
Saya pernah masuk rumah sakit tipes langsung DBD terus kritis sampai lupa ingatan,dan setelah di rawat 2 Minggu sembuh .;Periode
Saya pernah masuk rumah sakit tipes langsung DBD terus kritis sampai lupa ingatan,dan setelah di rawat 2 Minggu sembuh .;Outcome
kelas 1 SMA saya gejala tipes, sekarang kelas 3 SMA merasakan seperti yang sama kelelahan sedikit lemas dan cape .;Penyakit
kelas 1 SMA saya gejala tipes, sekarang kelas 3 SMA merasakan seperti yang sama kelelahan sedikit lemas dan cape .;Gejala
apakah gejala tipes untuk orang pernah tipes akan ada lagi jika kelelah;Pertanyaan
Halo Sdri;Pembuka
Saya mengerti keluhan yang disampaikan dan kekhawatiran Anda.;Pembuka
Seringkali penyakit tipes kambuh pada penderita carrier (yang masih membawa kuman dalam tubuhnya) setelah melakukan aktivitas berat. ;Penyakit
Seringkali penyakit tipes kambuh pada penderita carrier (yang masih membawa kuman dalam tubuhnya) setelah melakukan aktivitas berat. ;Penyebab
Hal ini dipicu karena pada saat tubuh kelelahan, sistem kekebalan tubuh menjadi turun, sehingga kuman penyebab tipes yang masih ada dalam tubuh kembali menyerang menimbulkan gejala kekambuhan tersebut.;Prakondisi
Hal ini dipicu karena pada saat tubuh kelelahan, sistem kekebalan tubuh menjadi turun, sehingga kuman penyebab tipes yang masih ada dalam tubuh kembali menyerang menimbulkan gejala kekambuhan tersebut.;Outcome
Hal ini dipicu karena pada saat tubuh kelelahan, sistem kekebalan tubuh menjadi turun, sehingga kuman penyebab tipes yang masih ada dalam tubuh kembali menyerang menimbulkan gejala kekambuhan tersebut.;Penyebab
Oleh karena itu penting untuk menjaga kekebaalan tubuh dengan istirahat yang cukup, memenuhi kebutuhan gizi dan membiasakan prilaku hidup bersih dan sehat (mencuci tangan, dll).;Tindakan
Namun, bukan berarti hal ini malah menghambat anda dalam beraktivitas. ;Informasi
Yang anda perlukan adalah mencukupi kebutuhan waktu istirahat Anda, menjaga makanan yang anda konsumsi mempunyai nilai gizi yang baik untuk tubuh, dan tentunya makanan tersebut terjaga kebersihannya. ;Tindakan
Yang anda perlukan adalah mencukupi kebutuhan waktu istirahat Anda, menjaga makanan yang anda konsumsi mempunyai nilai gizi yang baik untuk tubuh, dan tentunya makanan tersebut terjaga kebersihannya. ;Prakondisi
Dan apabila anda merasakan gejala penyakit, segera memeriksakan diri kepada dokter terdekat untuk mendapatkan penanganan yang optimal. ;Tindakan
Terima kasih sudah berkonsultasi melalui fitur Tanya Dokter. ;Penutup
Jangan ragu untuk kembali berkonsultasi jika masih ada keluhan lainnya, ya.;Penutup
Sdri dapat juga berkonsultasi melalui Aplikasi KlikDokter kapan pun dan di mana pun dengan men-download aplikasi Klikdokter melakui Play Store/ Android: https://www.klikdokter.com/download-App Store : https://app.adjust.com/n01yug7  ;Penutup
Semoga sehat selalu/semoga lekas membaik.;Penutup
siang dokter, saya mau tanya anak saya umur 4 bulan mengalami disentri 1 minggu dan tak kunjung sembuh, apakah kemungkinan karna susu formula yg dikonsumsi?;Pasien
siang dokter, saya mau tanya anak saya umur 4 bulan mengalami disentri 1 minggu dan tak kunjung sembuh, apakah kemungkinan karna susu formula yg dikonsumsi?;Usia Pasien
siang dokter, saya mau tanya anak saya umur 4 bulan mengalami disentri 1 minggu dan tak kunjung sembuh, apakah kemungkinan karna susu formula yg dikonsumsi?;Penyakit
siang dokter, saya mau tanya anak saya umur 4 bulan mengalami disentri 1 minggu dan tak kunjung sembuh, apakah kemungkinan karna susu formula yg dikonsumsi?;Periode
siang dokter, saya mau tanya anak saya umur 4 bulan mengalami disentri 1 minggu dan tak kunjung sembuh, apakah kemungkinan karna susu formula yg dikonsumsi?;Penyebab
siang dokter, saya mau tanya anak saya umur 4 bulan mengalami disentri 1 minggu dan tak kunjung sembuh, apakah kemungkinan karna susu formula yg dikonsumsi?;Pertanyaan
Terima kasih telah bertanya seputar penyebab disentri melalui fitur Tanya Dokter.;Pembuka
Perlu diketahui bahwasanya disentri disebabkan oleh infeksi bakteri yang menyerang saluran pencernaan. ;Penyakit
Perlu diketahui bahwasanya disentri disebabkan oleh infeksi bakteri yang menyerang saluran pencernaan. ;Penyebab
Biasanya gejala disentri demam, mencret, BAB disertai keluarnya darah dan lendir, tidak nafsu makan, badan lemas, mual dan muntah.;Gejala
Jika tidak ada darah, bukan berarti bukan disentri. ;Informasi
Diare pada anak terutama yang baru mengonsumsi susu formula, biasanya disebabkan oleh alergi susu sapi. ;Gejala
Diare pada anak terutama yang baru mengonsumsi susu formula, biasanya disebabkan oleh alergi susu sapi. ;Penyebab
Namun untuk memastikannya dan penanganan lebih lanjut dibutuhkan pemeriksaan langsung dan pemeriksaan penunjang lainnya seperti pemeriksaan feses. ;Tindakan
Kami menyarankan untuk menghubungi dokter Anda.;Penutup
Demikian informasi yang bisa disampaikan seputar penyebab disentri,;Penutup
Semoga bermanfaat.;Penutup
Dok ,saya mau tanya ,anak saya kalau bab 3 sampai 4 hari dalam seminggu.;Pasien
Dok ,saya mau tanya ,anak saya kalau bab 3 sampai 4 hari dalam seminggu.;Gejala
Dok ,saya mau tanya ,anak saya kalau bab 3 sampai 4 hari dalam seminggu.;Periode
Fasesny keras.dan kluar darah yang menetes2. ;Gejala
Dissertai mnangis hebat. ;Informasi
Anak saya sakit pa dok. Sya periksa kedoktr kata ny disentri amuba.apa itu bnar? Dan bgaimana pemyembuhannya dok;Penyakit
Anak saya sakit pa dok. Sya periksa kedoktr kata ny disentri amuba.apa itu bnar? Dan bgaimana pemyembuhannya dok;Pertanyaan
Terima kasih telah bertanya seputar Anak Disentri menggunakan fitur Tanya Dokter di KlikDokter.com;Pembuka
Disentri merupakan diare yang disertai darah atau lendir akibat adanya peradangan atau infeksi pada usus. ;Penyakit
Disentri merupakan diare yang disertai darah atau lendir akibat adanya peradangan atau infeksi pada usus. ;Gejala
Disentri merupakan diare yang disertai darah atau lendir akibat adanya peradangan atau infeksi pada usus. ;Penyebab
Penyakit ini paling banyak ditemukan di negara tropis, subtropis, dan negara berkembang.;Informasi
Ada dua jenis disentri, yaitu:;Informasi
1. Disenti basiler, disebabkan oleh bakteri shigella;Penyakit
1. Disenti basiler, disebabkan oleh bakteri shigella;Penyebab
2. Disentri amoeba, disebabkan oleh Enteromoeba histolyca;Penyakit
2. Disentri amoeba, disebabkan oleh Enteromoeba histolyca;Penyebab
Disentri dapat menimbulkan komplikasi berupa gangguan kesehatan lain hingga menyebabkan kematian. ;Penyakit
Disentri dapat menimbulkan komplikasi berupa gangguan kesehatan lain hingga menyebabkan kematian. ;Outcome
Beberapa komplikasi yang bisa terjadi antara lain:;Informasi
Dehidrasi. Penderita disentri dapat mengalami dehidrasi akibat kekurangan cairan karena diare dan muntah-muntah.;Penyakit
Dehidrasi. Penderita disentri dapat mengalami dehidrasi akibat kekurangan cairan karena diare dan muntah-muntah.;Outcome
Dehidrasi. Penderita disentri dapat mengalami dehidrasi akibat kekurangan cairan karena diare dan muntah-muntah.;Penyebab
Abses hati. Parasit amoeba yang menyebar ke hati bisa mengakibatkan terjadinya abses hati atau infeksi pada organ hati akibat bakteri, parasite tau jamur.;Penyakit
Abses hati. Parasit amoeba yang menyebar ke hati bisa mengakibatkan terjadinya abses hati atau infeksi pada organ hati akibat bakteri, parasite tau jamur.;Penyebab
Disentri akibat amoeba lebih berbahaya karena dapat menyebabkan komplikasi berupa infeksi hati (kantong nanah pada hati), abses otak, intususepsi (usus terselip ke bagian lain dari usus), dan peritonitis (peradangan pada lapisan penutup perut).;Penyakit
Disentri akibat amoeba lebih berbahaya karena dapat menyebabkan komplikasi berupa infeksi hati (kantong nanah pada hati), abses otak, intususepsi (usus terselip ke bagian lain dari usus), dan peritonitis (peradangan pada lapisan penutup perut).;Outcome
Disentri paling sering disebabkan oleh infeksi bakteri Shigella (disentri basiler) atau Entamoeba hystolitica (disentri amoeba). ;Penyakit
Disentri paling sering disebabkan oleh infeksi bakteri Shigella (disentri basiler) atau Entamoeba hystolitica (disentri amoeba). ;Penyebab
Namun bisa juga disebabkan oleh bakteri Echerichia coli, Salmonella, Clostridium difficile, dan Campylobacter jejuni;Penyebab
Faktor risiko utama penyakit ini adalah kebersihan dan sanitasi yang buruk. Selain itu juga bisa akibat makanan yang terkontaminasi bakteri tersebut.;Penyebab
Beberapa tanda-tanda disentri yang dapat dikenali antara lain:;Informasi
Diare berdarah;Gejala
Nyeri perut;Gejala
Mual;Gejala
Muntah;Gejala
Demam;Gejala
Dalam penanganan disentri, pemberian antibiotik mungkin tidak diperlukan untuk mengatasi gejala ringan. ;Informasi
Namun jika gejalanya bersifat sedang sampai berat, maka diperlukan antibiotik yang sesuai dengan bakteri penyebabnya. ;Tindakan
Selain itu bisa ditambah obat-obatan untuk mengurangi gejala diare. ;Tindakan
Jika sudah muncul tanda dehidrasi, maka diperlukan asupan cairan dengan oralit atau infus.;Prakondisi
Jika sudah muncul tanda dehidrasi, maka diperlukan asupan cairan dengan oralit atau infus.;Tindakan
Untuk mencegah disentri, yang perlu dilakukan adalah:;Informasi
Minum air yang bersih dan sudah dimasak.;Tindakan
Rajin mencuci tangan menggunakan sabun sebelum dan sesudah makan, serta sesudah menggunakan toilet.;Tindakan
Cuci sayuran atau buah-buahan sebelum dikonsumsi dengan air mengalir.;Tindakan
Demikian informasi seputar Anak Disentri yang dapat kami sampaikan, semoga bermanfaat.;Penutup
Salam,;Penutup
Dok, anak sya laki2 18bln, sya sapih sebulan yg lalu, tapi setelah disapih 3 minggu yg lalu anak saya dirawat di rs karna disentri dan kejang. ;Pasien
Dok, anak sya laki2 18bln, sya sapih sebulan yg lalu, tapi setelah disapih 3 minggu yg lalu anak saya dirawat di rs karna disentri dan kejang. ;Usia Pasien
Dok, anak sya laki2 18bln, sya sapih sebulan yg lalu, tapi setelah disapih 3 minggu yg lalu anak saya dirawat di rs karna disentri dan kejang. ;Tindakan
Dok, anak sya laki2 18bln, sya sapih sebulan yg lalu, tapi setelah disapih 3 minggu yg lalu anak saya dirawat di rs karna disentri dan kejang. ;Periode
Dok, anak sya laki2 18bln, sya sapih sebulan yg lalu, tapi setelah disapih 3 minggu yg lalu anak saya dirawat di rs karna disentri dan kejang. ;Penyakit
Dok, anak sya laki2 18bln, sya sapih sebulan yg lalu, tapi setelah disapih 3 minggu yg lalu anak saya dirawat di rs karna disentri dan kejang. ;Gejala
5hri drwat dan sekarang sedang masa pemulihan. ;Periode
5hri drwat dan sekarang sedang masa pemulihan. ;Tindakan
5hri drwat dan sekarang sedang masa pemulihan. ;Outcome
Kemarin babnya sudah normal dok, tp semalam diare lagi babnya cair dan ada ampas hnya sedikit, apa mungkin karna kesalahan makan/minum ya dok?;Gejala
Kemarin babnya sudah normal dok, tp semalam diare lagi babnya cair dan ada ampas hnya sedikit, apa mungkin karna kesalahan makan/minum ya dok?;Pertanyaan
Pdahal setiap kali kasi maem nasi selalu saya penyet lo, dan stiap kali habis minum/makan yg manis2 knpa sllu diare ya?;Penyebab
Pdahal setiap kali kasi maem nasi selalu saya penyet lo, dan stiap kali habis minum/makan yg manis2 knpa sllu diare ya?;Gejala
Pdahal setiap kali kasi maem nasi selalu saya penyet lo, dan stiap kali habis minum/makan yg manis2 knpa sllu diare ya?;Pertanyaan
Padahal sbelum disapih jarang sekali diare.;Informasi
Apa ini normal dok? Apa hanya efek karna sudah tidak asi,sufor gk mau,minumx air putih saja, makannya lahap., dan kalau ada merk obat apa ya yg bagus, mohon pencerahannya dok, terimakasih🙏;Pertanyaan
Terima kasih telah bertanya seputar penyebab disentri melalui fitur Tanya Dokter.;Pembuka
Perlu diketahui bahwasanya disentri disebabkan oleh infeksi bakterl yang menyerang saluran pencernaan. ;Penyakit
Perlu diketahui bahwasanya disentri disebabkan oleh infeksi bakterl yang menyerang saluran pencernaan. ;Penyebab
Biasanya gejala disentri demam, mencret, BAB disertai keluarnya darah dan lendir, tidak nafsu makan, badan lemas, mual dan muntah.;Gejala
Jika tidak ada darah, bukan berarti bukan disentri. ;Informasi
Disentri sendiri tidak disebabkan oleh karena anak disapih. ;Informasi
Namun untuk memastikannya dan penanganan lebih lanjut dibutuhkan pemeriksaan langsung dan pemeriksaan penunjang lainnya seperti pemeriksaan feses. ;Tindakan
Kami menyarankan untuk menghubungi dokter Anda untuk dilakukan pemeriksaan dan e=mendapat terapi yang tepat.;Penutup
Demikian informasi yang bisa disampaikan seputar penyebab disentri, ;Penutup
Semoga bermanfaat.;Penutup
dok saya sering susah bab. trus kadang kalo keras keluar darah. apa itu ambeien ya?;Pasien
dok saya sering susah bab. trus kadang kalo keras keluar darah. apa itu ambeien ya?;Gejala
dok saya sering susah bab. trus kadang kalo keras keluar darah. apa itu ambeien ya?;Penyakit
Terimakasih telah menggunakan layanan e-konsultasi Klik Dokter.;Pembuka
Kami mengerti kekhawatiran yang Anda rasakan. ;Pembuka
Sebelumnya izinkan kami bertanya.;Pembuka
Apakah keluhan Anda diikuti dengan gejala lain seperti diare,  demam, nyeri perut, penurunan berat badan, perut membesar, muntah darah?  ;Pertanyaan
Apakah keluhan Anda diikuti dengan gejala lain seperti diare,  demam, nyeri perut, penurunan berat badan, perut membesar, muntah darah?  ;Gejala
Apakah terdapat benjolan atau nyeri di anus Anda? ;Pertanyaan
Apakah terdapat benjolan atau nyeri di anus Anda? ;Gejala
Apakah Anda sering mengkonsumsi obat/jamu-jamuan anti nyeri/analgetik?;Pertanyaan
Apakah Anda sering mengkonsumsi obat/jamu-jamuan anti nyeri/analgetik?;Tindakan
BAB berdarah dapat disebabkan oleh beberapa hal, diantaranya adalah disentri, wasir/hemoroid, polip usus besar, gastritis erosif (perlukaan pada lambung), kanker usus besar, sirosis hepatis (akibat pecahnya varises esofagus), inflamatorry bowel disease, lecet pada daerah anus karena feses yang keras, dan lain lainnya.;Gejala
BAB berdarah dapat disebabkan oleh beberapa hal, diantaranya adalah disentri, wasir/hemoroid, polip usus besar, gastritis erosif (perlukaan pada lambung), kanker usus besar, sirosis hepatis (akibat pecahnya varises esofagus), inflamatorry bowel disease, lecet pada daerah anus karena feses yang keras, dan lain lainnya.;Penyakit
Pada infeksi (disentri) biasa disertai dengan diare, nyeri perut dan terkadang demam dan darah biasanya keluar bersamaan dengan tinja. ;Penyakit
Pada infeksi (disentri) biasa disertai dengan diare, nyeri perut dan terkadang demam dan darah biasanya keluar bersamaan dengan tinja. ;Gejala
Pada hemoroid biasanya darah keluar setelah selesai buang air besar, terdapat kesulitan buang air besar, darah sering kali hanya menetes, dan dapat dijumpai adanya benjolan yang ikut keluar dari anus. ;Penyakit
Pada hemoroid biasanya darah keluar setelah selesai buang air besar, terdapat kesulitan buang air besar, darah sering kali hanya menetes, dan dapat dijumpai adanya benjolan yang ikut keluar dari anus. ;Gejala
Pada kanker kolon, biasanya darah keluar dalam jumlah agak banyak dan disertai rasa nyeri pada saat buang air besar, dapat disertai diare ataupun tinja yang berbentuk kecil-kecil. ;Penyakit
Pada kanker kolon, biasanya darah keluar dalam jumlah agak banyak dan disertai rasa nyeri pada saat buang air besar, dapat disertai diare ataupun tinja yang berbentuk kecil-kecil. ;Gejala
Apabila disertai dengan kesulitan BAB, maka BAB berdarah seringkali disebabkan oleh karena adanya Ambeyen ataupun bisa karena adanya luka di anus (fisura Ani).;Penyakit
Apabila disertai dengan kesulitan BAB, maka BAB berdarah seringkali disebabkan oleh karena adanya Ambeyen ataupun bisa karena adanya luka di anus (fisura Ani).;Gejala
Apabila disertai dengan kesulitan BAB, maka BAB berdarah seringkali disebabkan oleh karena adanya Ambeyen ataupun bisa karena adanya luka di anus (fisura Ani).;Penyebab
BAB dengan darah berwarna kehitaman biasanya disebabkan karena adanya perlukaan/perdarahan di saluran cerna bagian atas (gastritis erosif, pecah varises esofagus). ;Gejala
BAB dengan darah berwarna kehitaman biasanya disebabkan karena adanya perlukaan/perdarahan di saluran cerna bagian atas (gastritis erosif, pecah varises esofagus). ;Penyebab
Sedangkan jika darah berwarna merah segar pada feses kemungkinan kelainan terjadi di saluran cerna bagian bawah (kanker kolon, wasir, dsb).;Gejala
Sedangkan jika darah berwarna merah segar pada feses kemungkinan kelainan terjadi di saluran cerna bagian bawah (kanker kolon, wasir, dsb).;Penyebab
Sulit bagi kami untuk menegakkan diagnosis tanpa pemeriksaan langsung.;Informasi
Diperlukan anamnesa dan pemeriksaan fisik dan pemeriksaan penunjang (jika diperlukan) untuk dapat menegakan sebuah diagnosa. ;Tindakan
Kami sarankan agar Anda segera memeriksakan diri Anda langsung ke dokter spesialis penyakit dalam untuk diperiksa secara seksama/mencari sumber perdarahan sehingga mendapatkan pengobatan yang sekiranya diperlukan. ;Penutup
Kami sarankan agar Anda segera memeriksakan diri Anda langsung ke dokter spesialis penyakit dalam untuk diperiksa secara seksama/mencari sumber perdarahan sehingga mendapatkan pengobatan yang sekiranya diperlukan. ;Tindakan
Jika perlu dilakukan pemeriksaan penunjang seperti analisa feses lengkap dan endoskopi.;Tindakan
Demikian informasi yang dapat kami berikan, semoga bermanfaat. ;Penutup
Salam sehat,;Penutup
Ass.dok maaf anak saya kemarin BAb dan berlendir ada beberapa kali dilendirnya seperti ada drah..;Pasien
Ass.dok maaf anak saya kemarin BAb dan berlendir ada beberapa kali dilendirnya seperti ada drah..;Gejala
sudah 4hari bab nya sudah biasa tidak mencret lagi tp kalo diliati mash ada sedikit lendir dan seperti darah,,apakah masih disentri? pdhal minum obat. ;Periode
sudah 4hari bab nya sudah biasa tidak mencret lagi tp kalo diliati mash ada sedikit lendir dan seperti darah,,apakah masih disentri? pdhal minum obat. ;Informasi
sudah 4hari bab nya sudah biasa tidak mencret lagi tp kalo diliati mash ada sedikit lendir dan seperti darah,,apakah masih disentri? pdhal minum obat. ;Pertanyaan
sudah 4hari bab nya sudah biasa tidak mencret lagi tp kalo diliati mash ada sedikit lendir dan seperti darah,,apakah masih disentri? pdhal minum obat. ;Tindakan
Terima kasih telah menggunakan layanan e-Konsultasi Tanya Dokter KlikDokter.com.;Pembuka
Kami memahami kekhawatiran Anda.;Pembuka
Buang Air Besar (BAB) yang berlendir dapat disebabkan oleh berbagai penyebab diantaranya adalah peradangan usus atau infeksi bakteri. ;Gejala
Buang Air Besar (BAB) yang berlendir dapat disebabkan oleh berbagai penyebab diantaranya adalah peradangan usus atau infeksi bakteri. ;Penyebab
Karena itu, untuk penanganannya tergantung penyebabnya, misal penyebabnya adalah bakteri maka perlu diberikan obat antibiotik.;Tindakan
Karena itu, untuk penanganannya tergantung penyebabnya, misal penyebabnya adalah bakteri maka perlu diberikan obat antibiotik.;Prakondisi
Untuk dapat menemukan penyebabnya, diperlukan penelusuran lebih lanjut, diantaranya dengan pemeriksaan analisis tinja di laboratorium. ;Informasi
Untuk dapat menemukan penyebabnya, diperlukan penelusuran lebih lanjut, diantaranya dengan pemeriksaan analisis tinja di laboratorium. ;Tindakan
Oleh karena itu kami menganjurkan anak Anda untuk melakukan pemeriksaan analisis tinja di laboratorium, hasil tersebut dapat menunjukkan apakah memang masih terdapat infeksi.;Penutup
Probiotik boleh saja diberikan untuk anak yang mengalami diare untuk pengobatan tambahan. ;Tindakan
Probiotik boleh saja diberikan untuk anak yang mengalami diare untuk pengobatan tambahan. ;Outcome
Namun tidak mengobati penyebab utamanya yang merupakan infeksi bakteri.;Informasi
Demikian informasi ini kami sampaikan, semoga bermanfaat.;Penutup
Salam,;Penutup
Semoga bermanfaat.;Penutup
Untuk itu diperlukan pemeriksaan fisik dan laboratorium serta feses lengkap untuk mengetahui penyebab keluhan yang Anda alami. ;Penutup
Untuk itu diperlukan pemeriksaan fisik dan laboratorium serta feses lengkap untuk mengetahui penyebab keluhan yang Anda alami. ;Tindakan
Coba lebih memperhatikan pola makan anda.;Tindakan
Perut sering begah seperti masuk angin bisa disebabkan oleh gejala asam lambung. ;Gejala
Perut sering begah seperti masuk angin bisa disebabkan oleh gejala asam lambung. ;Penyebab
Pada kanker kolon, biasanya darah keluar dalam jumlah agak banyak dan disertai rasa nyeri pada saat buang air besar, dapat disertai diare ataupun tinja yang berbentuk kecil-kecil;Penyakit
Pada kanker kolon, biasanya darah keluar dalam jumlah agak banyak dan disertai rasa nyeri pada saat buang air besar, dapat disertai diare ataupun tinja yang berbentuk kecil-kecil;Gejala
Pada hemoroid biasanya darah keluar setelah selesai buang air besar, terdapat kesulitan buang air besar, darah sering kali hanya menetes, dan dapat dijumpai adanya benjolan yang ikut keluar dari anus;Penyakit
Pada hemoroid biasanya darah keluar setelah selesai buang air besar, terdapat kesulitan buang air besar, darah sering kali hanya menetes, dan dapat dijumpai adanya benjolan yang ikut keluar dari anus;Gejala
Pada infeksi (disentri) biasa disertai dengan diare, nyeri perut dan terkadang demam dan darah biasanya keluar bersamaan dengan tinja. ;Penyakit
Pada infeksi (disentri) biasa disertai dengan diare, nyeri perut dan terkadang demam dan darah biasanya keluar bersamaan dengan tinja. ;Gejala
Lendir dapat menandakan adanya infeksi pada pencernaan Anda.;Penyakit
Lendir dapat menandakan adanya infeksi pada pencernaan Anda.;Gejala
Buang air besar dengan darah dapat menjadi pertanda dari beberapa jenis penyakit, seperti infeksi (disentri), hemoroid (ambeien), atau kanker kolon. ;Penyakit
Buang air besar dengan darah dapat menjadi pertanda dari beberapa jenis penyakit, seperti infeksi (disentri), hemoroid (ambeien), atau kanker kolon. ;Gejala
Bila mengeluarkan darah, perlu diperhatikan: Apakah darah keluar setelah selesai buang air besar? Menetes? Berapakah perkiraan banyak darah yang keluar? Ataukah darah keluar bersamaan dengan tinja? Apakah disertai rasa nyeri perut? Adakah rasa nyeri di daerah anus? Apakah mengalami kesulitan buang air besar? Apakah diare? Apakah ada riwayat ambeien?;Pertanyaan
Bila mengeluarkan darah, perlu diperhatikan: Apakah darah keluar setelah selesai buang air besar? Menetes? Berapakah perkiraan banyak darah yang keluar? Ataukah darah keluar bersamaan dengan tinja? Apakah disertai rasa nyeri perut? Adakah rasa nyeri di daerah anus? Apakah mengalami kesulitan buang air besar? Apakah diare? Apakah ada riwayat ambeien?;Penyakit
Bila mengeluarkan darah, perlu diperhatikan: Apakah darah keluar setelah selesai buang air besar? Menetes? Berapakah perkiraan banyak darah yang keluar? Ataukah darah keluar bersamaan dengan tinja? Apakah disertai rasa nyeri perut? Adakah rasa nyeri di daerah anus? Apakah mengalami kesulitan buang air besar? Apakah diare? Apakah ada riwayat ambeien?;Gejala
Buang air besar yang normal seharusnya tidak mengeluarkan darah. ;Informasi
Terima kasih atas pertanyaan Anda.;Pembuka
Saya sakit apa yaa dok??;Pertanyaan
Sesudah itu saya mencret dan kotoran saya itu berlendir campur darah.. ;Gejala
Perut saya serasa begah seperti masuk angin.. ;Pasien
Perut saya serasa begah seperti masuk angin.. ;Gejala
Salam,;Penutup
Demikian, semoga informasi ini bermanfaat.;Penutup
Asupan cairan yang cukup. Minum air atau cairan lain dalam jumlah cukup akan membantu melunakkan tinja;Tindakan
Hal ini perlu dilakukan karena jka saluran cerna belum terbiasa dengan serat yang dimakan, justru akan menimbulkan keluhan kembung;Informasi
Sebaiknya jumlah konsumsi makanan tinggi serat ini dilakukan secara bertahap, awalnya hanya sedikit, lalu ditingkatkn sedikit-sedikit. ;Informasi
Hindari atau kurangi makanan yang tidak atau hanya sedikit mengandung serta, seperti keju, daging, dan makanan yang mengalami pemrosesan (misalnya diasap). ;Tindakan
Hindari atau kurangi makanan yang tidak atau hanya sedikit mengandung serta, seperti keju, daging, dan makanan yang mengalami pemrosesan (misalnya diasap). ;Objek
Jenis makanan tersebut, diantaranya adalah kacang-kacangan, buah-buahan, dan sayuran. ;Informasi
Makan makanan yang tinggi kadar seratnya. Makanan yang mengandung banyak serat, akan membantu tubuh membentuk tinja yang lebih lunak. ;Tindakan
Makan makanan yang tinggi kadar seratnya. Makanan yang mengandung banyak serat, akan membantu tubuh membentuk tinja yang lebih lunak. ;Outcome
Hal yang Anda perlu lakukan saat ini adalah mencegah terjadinya konstipasi :;Informasi
Namun, untuk mengatasinya bukan berarti harus segera mengkonsumsi obat laksatif atau pencahar;Tindakan
Pada umumnya penyebabnya adalah pada kesalahan dosis. ;Penyebab
Konstipasi pasca meminum obat antidiare memang kerap kali terjadi. ;Penyakit
Konstipasi pasca meminum obat antidiare memang kerap kali terjadi. ;Penyebab
Jika BAB keras dipaksakan dengan cara mengedan maka dapat terjadi iritasi pada daerah sekitar lubang dubur sehingga dapat timbul perdarahan.;Tindakan
Jika BAB keras dipaksakan dengan cara mengedan maka dapat terjadi iritasi pada daerah sekitar lubang dubur sehingga dapat timbul perdarahan.;Outcome
Konstipasi/sembelit adalah keadaan jarangnya frekuensi buang air besar (BAB), penurunan frekuensi gerakan usus, BAB keras dan sulit. ;Penyakit
Konstipasi/sembelit adalah keadaan jarangnya frekuensi buang air besar (BAB), penurunan frekuensi gerakan usus, BAB keras dan sulit. ;Gejala
Sulit BAB karena konsistensinya yang lebih keras disebut juga dengan konstipasi, dalam istilah awam dikenal dengan sembelit. ;Gejala
Sulit BAB karena konsistensinya yang lebih keras disebut juga dengan konstipasi, dalam istilah awam dikenal dengan sembelit. ;Penyakit
Terima kasih telah menggunakan layanan e-konsultasi Klikdokter.;Pembuka
Dok saya mau tanya, anak saya berumur 16 bulan terkena disentri, setelah berobat kok ini sudah 3 hari tidak BAB ya? Apakah ini normal? Terima kasih;Pasien
Dok saya mau tanya, anak saya berumur 16 bulan terkena disentri, setelah berobat kok ini sudah 3 hari tidak BAB ya? Apakah ini normal? Terima kasih;Usia Pasien
Dok saya mau tanya, anak saya berumur 16 bulan terkena disentri, setelah berobat kok ini sudah 3 hari tidak BAB ya? Apakah ini normal? Terima kasih;Penyakit
Dok saya mau tanya, anak saya berumur 16 bulan terkena disentri, setelah berobat kok ini sudah 3 hari tidak BAB ya? Apakah ini normal? Terima kasih;Gejala
Dok saya mau tanya, anak saya berumur 16 bulan terkena disentri, setelah berobat kok ini sudah 3 hari tidak BAB ya? Apakah ini normal? Terima kasih;Periode
Dok saya mau tanya, anak saya berumur 16 bulan terkena disentri, setelah berobat kok ini sudah 3 hari tidak BAB ya? Apakah ini normal? Terima kasih;Pertanyaan
Salam,;Penutup
Demikian informasi ini kami sampaikan, semoga bermanfaat.;Penutup
Oleh karena itu, kami anjurkan agar Anda berkonsultasi lebih lanjut kepada dokter.;Penutup
Oleh karena itu, kami anjurkan agar Anda berkonsultasi lebih lanjut kepada dokter.;Tindakan
Beda penyebab, beda pula penanganannya. ;Informasi
Untuk memastikan penyebab BAB berdarah yang Anda alami, harus diperiksa langsung terlebih dahulu. ;Tindakan
Sementara itu, kanker juga dapat memberikan gejala BAB berdarah, perubahan pola BAB (menjadi diare atau konstipasi), kembung, perut terasa penuh, penurunan nafsu makan, dan berat badan menurun.;Penyakit
Sementara itu, kanker juga dapat memberikan gejala BAB berdarah, perubahan pola BAB (menjadi diare atau konstipasi), kembung, perut terasa penuh, penurunan nafsu makan, dan berat badan menurun.;Gejala
BAB keras juga dapat menyebabkan perlukaan/fisura pada area anus, sehingga menyebabkan perdarahan sedikit yang disertai rasa perih.;Penyebab
BAB keras juga dapat menyebabkan perlukaan/fisura pada area anus, sehingga menyebabkan perdarahan sedikit yang disertai rasa perih.;Outcome
Hemoroid umumnya terjadi akibat BAB yang terlalu keras atau duduk di kloset dalam waktu lama (misalnya sambil bermain HP atau membaca). ;Penyebab
Sementara itu, pada hemoroid/wasir, terdapat benjolan di anus, dan darahnya menetes di atas feses;Penyakit
Sementara itu, pada hemoroid/wasir, terdapat benjolan di anus, dan darahnya menetes di atas feses;Gejala
Darah dalam feses /tinja umumnya bercampur.;Informasi
Infeksi oleh bakteri tertentu dapat menyebabkan diare berdarah (disentri), yang memberikan gejala demam, nyeri perut, kembung, dan BAB berdarah. ;Gejala
Infeksi oleh bakteri tertentu dapat menyebabkan diare berdarah (disentri), yang memberikan gejala demam, nyeri perut, kembung, dan BAB berdarah. ;Penyebab
Infeksi oleh bakteri tertentu dapat menyebabkan diare berdarah (disentri), yang memberikan gejala demam, nyeri perut, kembung, dan BAB berdarah. ;Penyakit
BAB berdarah dapat disebabkan oleh banyak hal. Mulai dari infeksi, hemoroid, perlukaan di daerah anus, hingga kanker usus besar.;Gejala
BAB berdarah dapat disebabkan oleh banyak hal. Mulai dari infeksi, hemoroid, perlukaan di daerah anus, hingga kanker usus besar.;Penyebab
Halo, kami memahami kekhawatiran Anda;Pembuka
Terima kasih telah menggunakan layanan e-Konsultasi Tanya Dokter KlikDokter.com.;Pembuka
bab berdarah itu apa prnyebabnya dok ?;gejala
bab berdarah itu apa prnyebabnya dok ?;pertanyaan
Salam,;Penutup
Semoga dapat bermanfaat ya;Penutup
Apakah Anda memiliki riwayat maag? Sering bersendawa dan perut kembung juga bisa merupakan gejala penyerta maag. ;Penyakit
Apakah Anda memiliki riwayat maag? Sering bersendawa dan perut kembung juga bisa merupakan gejala penyerta maag. ;Gejala
Selain itu, pada kondisi diare sebaiknya Anda banyak mengkonsumsi banyak air mencegah Anda jatuh ke dalam kondisi dehidrasi. ;Gejala
Selain itu, pada kondisi diare sebaiknya Anda banyak mengkonsumsi banyak air mencegah Anda jatuh ke dalam kondisi dehidrasi. ;Tindakan
Selain itu, pada kondisi diare sebaiknya Anda banyak mengkonsumsi banyak air mencegah Anda jatuh ke dalam kondisi dehidrasi. ;Outcome
Untuk menentukan diagnosis perlu ada beberapa hal yang harus dikonfirmasi terlebih dahulu dan beberapa hal dapat dipastikan dengan pemeriksaan penunjang.;Tindakan
Kami belum dapat memberikan rekomendasi obat untuk Anda minum sebab belum dapat menentukan diagnosis penyakit Anda. ;Informasi
Apabila Anda memang mengalami diare disentri maka Anda harus mengkonsumsi antibiotik;Prakondisi
Apabila Anda memang mengalami diare disentri maka Anda harus mengkonsumsi antibiotik;Tindakan
Perut yang kembung dan sering bersendawa bisa merupakan bagian dari penyebab dari penyakit diare yang Anda alami.;Gejala
Perut yang kembung dan sering bersendawa bisa merupakan bagian dari penyebab dari penyakit diare yang Anda alami.;Penyakit
Terima kasih telah berkonsultasi dengan kami,;Pembuka
mau tanya dok, awalnya jumat saya kayak kena diare,tapi badan g lemes cuma sendi2 pegel setelah reda dr sabtu,sampai sekarang belum BAB lagi perut kembung serasa sesak,kentut susah,sering bersendawa,rasa lapar berkurang terima kasih;Pasien
mau tanya dok, awalnya jumat saya kayak kena diare,tapi badan g lemes cuma sendi2 pegel setelah reda dr sabtu,sampai sekarang belum BAB lagi perut kembung serasa sesak,kentut susah,sering bersendawa,rasa lapar berkurang terima kasih;Pertanyaan
mau tanya dok, awalnya jumat saya kayak kena diare,tapi badan g lemes cuma sendi2 pegel setelah reda dr sabtu,sampai sekarang belum BAB lagi perut kembung serasa sesak,kentut susah,sering bersendawa,rasa lapar berkurang terima kasih;Gejala
Salam,;Penutup
Demikian informasi ini kami sampaikan, semoga bermanfaat.;Penutup
Anda bisa menanyakan kepada bagian administrasi rumah sakit terkait dicover atau tidak nya ibu anda, biasanya pihak rumah sakit akan memberitahukan jika klaim tidak di cover.;Penutup
Pengobatan nya pun akan diberikan antibiotik untuk membunuh kuman disentri tersebut. ;Tindakan
Biasanya gejala disentri demam, mencret, BAB disertai keluarnya darah dan lendir, tida nafsu makan, badan lemas, mual dan muntah. ;Gejala
Disentri disebabkan oleh infeksi bakterial yang menyerang saluran pencernaan. ;Penyakit
Disentri disebabkan oleh infeksi bakterial yang menyerang saluran pencernaan. ;Penyebab
Asuransi biasanya akan mengcover jika disentri asalakan dokter anda menuliskan di resume medik dan form klaim asuransi dengan diagnosa disentri. ;Informasi
Disentri berbeda dengan sakit maag kronik. ;Informasi
Kami mengerti rasa khawatir yang Anda rasakan. ;Pembuka
Terima kasih telah menggunakan layanan e-Konsultasi Tanya Dokter KlikDokter.com.;Pembuka
Kl seandainya maag, kembung berhub dgn disentri mk kemgkn biaya perawatan tidak bs diklaim. Mohon pencerahannya dokter. Mksh.;Pertanyaan
Saat ini ibu sy sdg dirawat di rs dan diagnosa disentri. ;Tindakan
Saat ini ibu sy sdg dirawat di rs dan diagnosa disentri. ;Penyakit
Berhub ibu sy pemegang polis salah satu asuransi dan kena pengecualian maag dan kembung. ;Informasi
Pagi dok, sy mau bertanya apakah ada hubungan disentri dengan maag dan kembung? ;Pasien
Pagi dok, sy mau bertanya apakah ada hubungan disentri dengan maag dan kembung? ;Pertanyaan
